   16;    1;   11;55908;   30;55983;    5;    1;    1;    1;    1;    1;    1;    1;    0;    0;    4
   16;    2;   11;55911;   30;55983;    5;    1;    1;    1;    1;    1;    1;    1;    0;    0;    0
   16;    3;   11;55914;   30;55983;    5;    1; 3162; 2367;  231; 3059;  134; 3523;11952;   34;    0
   16;    4;   11;55917;   30;55983;    5;    1; 4101; 3063;  349; 4061;  216; 4613;11835;   69;    0
   16;    5;   11;55920;   30;55983;    5;    1; 4705; 3498;  406; 4777;  246; 5301;11856;   69;    0
   16;    6;   11;55923;   30;55983;    5;    1; 4846; 3606;  423; 5026;  250; 5502;11878;   69;    0
   16;    7;   11;55926;   30;55983;    5;    1; 4641; 3438;  412; 4867;  233; 5287;11901;   69;    0
   16;    8;   11;55929;   30;55983;    5;    1; 4040; 2968;  339; 4329;  198; 4645;11928;   69;    4
   16;    9;   11;55932;   30;55983;    5;    1;    1;    1;    1;    1;    1;    1;    0;    0;    4
   16;   10;   11;55935;   30;55983;    5;    1;    1;    1;    1;    1;    1;    1;    0;    0;    4
   16;   11;   11;55938;   30;55983;    5;    1;    1;    1;    1;    1;    1;    1;    0;    0;    4
   17;    1;    2;59388;    1;    0;    0; 1024;    1;    1;    1;    1;    1;    1;    0;    0;    4
   17;    2;    2;59391;    1;    0;    0; 1024;    1;    1;    1;    1;    1;    1;    0;    0;    4
   16;    1;   11;59379;   30;59454;    6;    1;    1;    1;    1;    1;    1;    1;    0;    0;    0
   16;    2;   11;59382;   30;59454;    6;    1; 2356; 1721;  156; 2202;  103; 2593;11915;   34;    0
   16;    3;   11;59385;   30;59454;    6;    1; 3357; 2451;  271; 3267;  211; 3720;11692;   34;    0
   16;    4;   11;59388;   30;59454;    6;    1; 4224; 3061;  328; 4182;  246; 4723;11764;   34;    0
   16;    5;   11;59391;   30;59454;    6;    1; 4701; 3385;  336; 4774;  233; 5273;11889;   34;    0
   16;    6;   11;59394;   30;59454;    6;    1; 4699; 3364;  321; 4849;  233; 5282;11899;   34;    0
   16;    7;   11;59397;   30;59454;    6;    1; 4132; 2941;  287; 4373;  198; 4705;11934;   34;    0
   16;    8;   11;59400;   30;59454;    6;    1; 3132; 2232;  184; 3375;  103; 3523;12118;   34;    4
   16;    9;   11;59403;   30;59454;    6;    1;    1;    1;    1;    1;    1;    1;    0;    0;    4
   16;   10;   11;59406;   30;59454;    6;    1;    1;    1;    1;    1;    1;    1;    0;    0;    4
   16;   11;   11;59409;   30;59454;    6;    1;    1;    1;    1;    1;    1;    1;    0;    0;    4
   15;    1;    2;59391;    1;    0;    0; 1024;    1;    1;    1;    1;    1;    1;    0;    0;    4
   15;    2;    2;59394;    1;    0;    0; 1024;    1;    1;    1;    1;    1;    1;    0;    0;    4
   17;    1;    2;59394;    1;    0;    0; 1024;    1;    1;    1;    1;    1;    1;    0;    0;    4
   17;    2;    2;59397;    1;    0;    0; 1024;    1;    1;    1;    1;    1;    1;    0;    0;    4
   15;    1;    6;61275;    7;    0;    1; 1024;    1;    1;    1;    1;    1;    1;    0;    0;    4
   15;    2;    6;61278;    7;    0;    1; 1024;    1;    1;    1;    1;    1;    1;    0;    0;    0
   15;    3;    6;61281;    7;    0;    1; 1024; 1908; 1306;  139; 1932;  104; 2275;11827;   34;    4
   15;    4;    6;61284;    7;    0;    1; 1024;    1;    1;    1;    1;    1;    1;    0;    0;    4
   15;    5;    6;61287;    7;    0;    1; 1024;    1;    1;    1;    1;    1;    1;    0;    0;    4
   15;    6;    6;61290;    7;    0;    1; 1024;    1;    1;    1;    1;    1;    1;    0;    0;    4
   16;    1;   13;61266;   36;61344;    7;    1;    1;    1;    1;    1;    1;    1;    0;    0;    4
   16;    2;   13;61269;   36;61344;    7;    1;    1;    1;    1;    1;    1;    1;    0;    0;    0
   16;    3;   13;61272;   36;61344;    7;    1; 3239; 2295;  200; 3169;  103; 3734;12093;   34;    0
   16;    4;   13;61275;   36;61344;    7;    1; 4404; 3126;  406; 4359;  285; 5016;11682;   34;    0
   16;    5;   13;61278;   36;61344;    7;    1; 5251; 3755;  713; 5401;  596; 5905;11120;   34;    0
   16;    6;   13;61281;   36;61344;    7;    1; 5605; 4008;  878; 5883;  709; 6286;10993;   34;    0
   16;    7;   13;61284;   36;61344;    7;    1; 5663; 4055;  896; 5996;  717; 6336;11005;   69;    0
   16;    8;   13;61287;   36;61344;    7;    1; 5419; 3877;  849; 5781;  687; 6093;11014;   34;    0
   16;    9;   13;61290;   36;61344;    7;    1; 4665; 3327;  642; 5108;  488; 5337;11305;   69;    0
   16;   10;   13;61293;   36;61344;    7;    1; 3480; 2495;  335; 3878;  177; 4008;11929;   69;    4
   16;   11;   13;61296;   36;61344;    7;    1;    1;    1;    1;    1;    1;    1;    0;    0;    4
   16;   12;   13;61299;   36;61344;    7;    1;    1;    1;    1;    1;    1;    1;    0;    0;    4
   16;   13;   13;61302;   36;61344;    7;    1;    1;    1;    1;    1;    1;    1;    0;    0;    4
   16;    1;   12;11921;   33;11997;    6;    1;    1;    1;    1;    1;    1;    1;    0;    0;    4
   16;    2;   12;11924;   33;11997;    6;    1;    1;    1;    1;    1;    1;    1;    0;    0;    0
   16;    3;   12;11927;   33;11997;    6;    1; 3536; 2675;  299; 3364;  203; 3963;11745;   34;    0
   16;    4;   12;11930;   33;11997;    6;    1; 4522; 3422;  486; 4471;  367; 5103;11473;   34;    0
   16;    5;   12;11933;   33;11997;    6;    1; 5073; 3862;  563; 5135;  419; 5722;11480;   34;    0
   16;    6;   12;11936;   33;11997;    6;    1; 5221; 3977;  568; 5361;  415; 5924;11532;   34;    0
   16;    7;   12;11939;   33;11997;    6;    1; 4924; 3731;  519; 5139;  389; 5607;11553;   34;    0
   16;    8;   12;11942;   33;11997;    6;    1; 4045; 3060;  369; 4345;  242; 4636;11803;   34;    0
   16;    9;   12;11945;   33;11997;    6;    1; 2910; 2209;  195; 3176;  116; 3321;12043;   34;    4
   16;   10;   12;11948;   33;11997;    6;    1;    1;    1;    1;    1;    1;    1;    0;    0;    4
   16;   11;   12;11951;   33;11997;    6;    1;    1;    1;    1;    1;    1;    1;    0;    0;    4
   16;   12;   12;11954;   33;11997;    6;    1;    1;    1;    1;    1;    1;    1;    0;    0;    4
   17;    1;   10;11924;   27;11997;    4;    1;    1;    1;    1;    1;    1;    1;    0;    0;    4
   17;    2;   10;11927;   27;11997;    4;    1;    1;    1;    1;    1;    1;    1;    0;    0;    0
   17;    3;   10;11930;   27;11997;    4;    1; 2689; 1981;  162; 2551;  111; 3139;11956;   34;    0
   17;    4;   10;11933;   27;11997;    4;    1; 3112; 2298;  195; 3027;  124; 3637;11987;   34;    0
   17;    5;   10;11936;   27;11997;    4;    1; 3228; 2395;  210; 3205;  133; 3791;11981;   34;    0
   17;    6;   10;11939;   27;11997;    4;    1; 3057; 2272;  205; 3113;  142; 3581;11929;   34;    0
   17;    7;   10;11942;   27;11997;    4;    1; 2574; 1908;  175; 2684;  111; 3008;11983;   34;    4
   17;    8;   10;11945;   27;11997;    4;    1;    1;    1;    1;    1;    1;    1;    0;    0;    4
   17;    9;   10;11948;   27;11997;    4;    1;    1;    1;    1;    1;    1;    1;    0;    0;    4
   17;   10;   10;11951;   27;11997;    4;    1;    1;    1;    1;    1;    1;    1;    0;    0;    4
   16;    1;   10;13178;   27;13251;    5;    1; 1504; 1098;  179; 1401;  138; 1704;11268;   34;    0
   16;    2;   10;13181;   27;13251;    5;    1; 2204; 1588;  257; 2104;  203; 2533;11293;   34;    0
   16;    3;   10;13184;   27;13251;    5;    1; 2814; 2015;  307; 2729;  220; 3220;11492;   69;    0
   16;    4;   10;13187;   27;13251;    5;    1; 3146; 2250;  336; 3088;  224; 3605;11593;   69;    0
   16;    5;   10;13190;   27;13251;    5;    1; 3119; 2219;  333; 3105;  229; 3559;11578;   69;    0
   16;    6;   10;13193;   27;13251;    5;    1; 2638; 1900;  268; 2704;  172; 3023;11704;   69;    0
   16;    7;   10;13196;   27;13251;    5;    1; 1935; 1422;  184; 2003;  116; 2185;11776;   69;    4
   16;    8;   10;13199;   27;13251;    5;    1;    1;    1;    1;    1;    1;    1;    0;    0;    4
   16;    9;   10;13202;   27;13251;    5;    1;    1;    1;    1;    1;    1;    1;    0;    0;    4
   16;   10;   10;13205;   27;13251;    5;    1;    1;    1;    1;    1;    1;    1;    0;    0;    4
   15;    1;   12;13175;   33;13251;    7;    1;    1;    1;    1;    1;    1;    1;    0;    0;    0
   15;    2;   12;13178;   33;13251;    7;    1; 2351; 1689;  228; 2189;  151; 2575;11637;   69;    0
   15;    3;   12;13181;   33;13251;    7;    1; 3427; 2473;  386; 3271;  293; 3776;11380;   34;    0
   15;    4;   12;13184;   33;13251;    7;    1; 4385; 3163;  523; 4302;  354; 4871;11471;   69;    0
   15;    5;   12;13187;   33;13251;    7;    1; 5013; 3643;  586; 5017;  397; 5599;11510;   69;    0
   15;    6;   12;13190;   33;13251;    7;    1; 5284; 3840;  597; 5347;  397; 5899;11571;   69;    0
   15;    7;   12;13193;   33;13251;    7;    1; 5031; 3664;  511; 5195;  312; 5665;11749;   69;    0
   15;    8;   12;13196;   33;13251;    7;    1; 4175; 3075;  355; 4423;  170; 4713;12019;   69;    0
   15;    9;   12;13199;   33;13251;    7;    1; 3046; 2277;  250; 3271;  123; 3369;12029;   69;    4
   15;   10;   12;13202;   33;13251;    7;    1;    1;    1;    1;    1;    1;    1;    0;    0;    4
   15;   11;   12;13205;   33;13251;    7;    1;    1;    1;    1;    1;    1;    1;    0;    0;    4
   15;   12;   12;13208;   33;13251;    7;    1;    1;    1;    1;    1;    1;    1;    0;    0;    4
   15;    1;   11;14666;   30;14741;    6;    1; 1737; 1327;  196; 1493;  127; 1878;11436;  104;    0
   15;    2;   11;14669;   30;14741;    6;    1; 2637; 1967;  290; 2399;  198; 2880;11468;   69;    0
   15;    3;   11;14672;   30;14741;    6;    1; 3486; 2565;  355; 3229;  236; 3807;11586;   69;    0
   15;    4;   11;14675;   30;14741;    6;    1; 4071; 2945;  380; 3871;  264; 4484;11647;   34;    0
   15;    5;   11;14678;   30;14741;    6;    1; 4244; 3031;  364; 4130;  260; 4713;11713;   34;    0
   15;    6;   11;14681;   30;14741;    6;    1; 4011; 2835;  322; 3960;  236; 4494;11755;   34;    0
   15;    7;   11;14684;   30;14741;    6;    1; 3412; 2407;  249; 3396;  160; 3827;11911;   34;    0
   15;    8;   11;14687;   30;14741;    6;    1; 2667; 1877;  176; 2675;  108; 2992;11995;   34;    4
   15;    9;   11;14690;   30;14741;    6;    1;    1;    1;    1;    1;    1;    1;    0;    0;    4
   15;   10;   11;14693;   30;14741;    6;    1;    1;    1;    1;    1;    1;    1;    0;    0;    4
   15;   11;   11;14696;   30;14741;    6;    1;    1;    1;    1;    1;    1;    1;    0;    0;    4
   16;    1;    2;14675;    1;    0;    0; 1024;    1;    1;    1;    1;    1;    1;    0;    0;    4
   16;    2;    2;14678;    1;    0;    0; 1024;    1;    1;    1;    1;    1;    1;    0;    0;    4
   16;    1;    2;14681;    1;    0;    0; 1024;    1;    1;    1;    1;    1;    1;    0;    0;    4
   16;    2;    2;14684;    1;    0;    0; 1024;    1;    1;    1;    1;    1;    1;    0;    0;    4
   16;    1;    2;14687;    1;    0;    0; 1024;    1;    1;    1;    1;    1;    1;    0;    0;    4
   16;    2;    2;14690;    1;    0;    0; 1024;    1;    1;    1;    1;    1;    1;    0;    0;    4
   15;    1;    2;20597;    1;    0;    0; 1024;    1;    1;    1;    1;    1;    1;    0;    0;    4
   15;    2;    2;20600;    1;    0;    0; 1024;    1;    1;    1;    1;    1;    1;    0;    0;    4
   16;    1;   11;20591;   30;20666;    5;    1;    1;    1;    1;    1;    1;    1;    0;    0;    4
   16;    2;   11;20594;   30;20666;    5;    1;    1;    1;    1;    1;    1;    1;    0;    0;    0
   16;    3;   11;20597;   30;20666;    5;    1; 3435; 2507;  339; 3261;  237; 3866;11591;   69;    0
   16;    4;   11;20600;   30;20666;    5;    1; 4291; 3134;  464; 4241;  319; 4902;11559;   69;    0
   16;    5;   11;20603;   30;20666;    5;    1; 4815; 3507;  508; 4862;  315; 5498;11690;   69;    0
   16;    6;   11;20606;   30;20666;    5;    1; 4962; 3604;  514; 5097;  319; 5667;11717;   69;    0
   16;    7;   11;20609;   30;20666;    5;    1; 4725; 3426;  453; 4945;  294; 5438;11756;   69;    0
   16;    8;   11;20612;   30;20666;    5;    1; 4092; 2950;  315; 4339;  147; 4705;12076;   69;    4
   16;    9;   11;20615;   30;20666;    5;    1;    1;    1;    1;    1;    1;    1;    0;    0;    4
   16;   10;   11;20618;   30;20666;    5;    1;    1;    1;    1;    1;    1;    1;    0;    0;    4
   16;   11;   11;20621;   30;20666;    5;    1;    1;    1;    1;    1;    1;    1;    0;    0;    4
   15;    1;    5;20603;    6;    0;    1; 1024;    1;    1;    1;    1;    1;    1;    0;    0;    0
   15;    2;    5;20606;    6;    0;    1; 1024; 1425; 1008;  142; 1447;  104; 1649;11601;   34;    4
   15;    3;    5;20609;    6;    0;    1; 1024;    1;    1;    1;    1;    1;    1;    0;    0;    4
   15;    4;    5;20612;    6;    0;    1; 1024;    1;    1;    1;    1;    1;    1;    0;    0;    4
   15;    5;    5;20615;    6;    0;    1; 1024;    1;    1;    1;    1;    1;    1;    0;    0;    4
   15;    1;   10;21653;   27;21726;    4;    1;    1;    1;    1;    1;    1;    1;    0;    0;    4
   15;    2;   10;21656;   27;21726;    4;    1;    1;    1;    1;    1;    1;    1;    0;    0;    0
   15;    3;   10;21659;   27;21726;    4;    1; 3458; 2500;  274; 3504;  141; 4021;11997;   69;    0
   15;    4;   10;21662;   27;21726;    4;    1; 3994; 2892;  314; 4159;  151; 4672;12046;   69;    0
   15;    5;   10;21665;   27;21726;    4;    1; 4039; 2935;  310; 4298;  151; 4718;12060;   69;    0
   15;    6;   10;21668;   27;21726;    4;    1; 3578; 2624;  283; 3880;  151; 4194;12013;   69;    0
   15;    7;   10;21671;   27;21726;    4;    1; 2730; 2031;  214; 3018;  118; 3155;12011;   34;    4
   15;    8;   10;21674;   27;21726;    4;    1;    1;    1;    1;    1;    1;    1;    0;    0;    4
   15;    9;   10;21677;   27;21726;    4;    1;    1;    1;    1;    1;    1;    1;    0;    0;    4
   15;   10;   10;21680;   27;21726;    4;    1;    1;    1;    1;    1;    1;    1;    0;    0;    4
   16;    1;   11;21653;   30;21728;    6;    1;    1;    1;    1;    1;    1;    1;    0;    0;    0
   16;    2;   11;21656;   30;21728;    6;    1; 2842; 2014;  221; 2764;  108; 3252;12011;   69;    0
   16;    3;   11;21659;   30;21728;    6;    1; 4009; 2839;  375; 3949;  224; 4572;11790;   69;    0
   16;    4;   11;21662;   30;21728;    6;    1; 4865; 3495;  582; 5015;  432; 5562;11423;   34;    0
   16;    5;   11;21665;   30;21728;    6;    1; 5247; 3813;  641; 5508;  441; 5983;11499;   69;    0
   16;    6;   11;21668;   30;21728;    6;    1; 5228; 3838;  628; 5546;  428; 5974;11535;   69;    0
   16;    7;   11;21671;   30;21728;    6;    1; 4739; 3481;  529; 5087;  384; 5447;11556;   34;    0
   16;    8;   11;21674;   30;21728;    6;    1; 3603; 2677;  310; 3979;  142; 4160;12053;   69;    4
   16;    9;   11;21677;   30;21728;    6;    1;    1;    1;    1;    1;    1;    1;    0;    0;    4
   16;   10;   11;21680;   30;21728;    6;    1;    1;    1;    1;    1;    1;    1;    0;    0;    4
   16;   11;   11;21683;   30;21728;    6;    1;    1;    1;    1;    1;    1;    1;    0;    0;    4
   15;    1;    2;22580;    1;    0;    0; 1024;    1;    1;    1;    1;    1;    1;    0;    0;    4
   15;    2;    2;22583;    1;    0;    0; 1024;    1;    1;    1;    1;    1;    1;    0;    0;    4
   16;    1;   13;22571;   36;22649;    8;    1;    1;    1;    1;    1;    1;    1;    0;    0;    0
   16;    2;   13;22574;   36;22649;    8;    1; 2940; 2191;  315; 2560;  177; 3202;11635;  104;    0
   16;    3;   13;22577;   36;22649;    8;    1; 4105; 3079;  548; 3714;  341; 4476;11352;  104;    0
   16;    4;   13;22580;   36;22649;    8;    1; 5092; 3798;  784; 4806;  553; 5603;11061;  104;    0
   16;    5;   13;22583;   36;22649;    8;    1; 5536; 4125;  930; 5443;  665; 6130;10972;  104;    0
   16;    6;   13;22586;   36;22649;    8;    1; 5558; 4139;  961; 5589;  691; 6194;10954;  104;    0
   16;    7;   13;22589;   36;22649;    8;    1; 5279; 3897;  882; 5393;  639; 5910;11018;  104;    0
   16;    8;   13;22592;   36;22649;    8;    1; 4629; 3374;  696; 4828;  484; 5241;11246;   69;    0
   16;    9;   13;22595;   36;22649;    8;    1; 3594; 2613;  443; 3862;  268; 4123;11632;   69;    0
   16;   10;   13;22598;   36;22649;    8;    1; 2499; 1816;  237; 2698;  138; 2858;11860;   69;    4
   16;   11;   13;22601;   36;22649;    8;    1;    1;    1;    1;    1;    1;    1;    0;    0;    4
   16;   12;   13;22604;   36;22649;    8;    1;    1;    1;    1;    1;    1;    1;    0;    0;    4
   16;   13;   13;22607;   36;22649;    8;    1;    1;    1;    1;    1;    1;    1;    0;    0;    4
   15;    1;    2;22592;    1;    0;    0; 1024;    1;    1;    1;    1;    1;    1;    0;    0;    4
   15;    2;    2;22595;    1;    0;    0; 1024;    1;    1;    1;    1;    1;    1;    0;    0;    4
   15;    1;    2;22586;    1;    0;    0; 1024;    1;    1;    1;    1;    1;    1;    0;    0;    4
   15;    2;    2;22589;    1;    0;    0; 1024;    1;    1;    1;    1;    1;    1;    0;    0;    4
   17;    1;    2;24038;    1;    0;    0; 1024;    1;    1;    1;    1;    1;    1;    0;    0;    4
   17;    2;    2;24041;    1;    0;    0; 1024;    1;    1;    1;    1;    1;    1;    0;    0;    4
   16;    1;   11;24035;   30;24110;    5;    1;    1;    1;    1;    1;    1;    1;    0;    0;    4
   16;    2;   11;24038;   30;24110;    5;    1;    1;    1;    1;    1;    1;    1;    0;    0;    0
   16;    3;   11;24041;   30;24110;    5;    1; 3932; 2765;  257; 3659;  164; 4471;11939;   34;    0
   16;    4;   11;24044;   30;24110;    5;    1; 4861; 3436;  378; 4737;  276; 5575;11771;   34;    0
   16;    5;   11;24047;   30;24110;    5;    1; 5232; 3712;  401; 5228;  281; 5992;11828;   34;    0
   16;    6;   11;24050;   30;24110;    5;    1; 4966; 3553;  378; 5099;  268; 5740;11843;   34;    0
   16;    7;   11;24053;   30;24110;    5;    1; 4035; 2923;  331; 4298;  242; 4682;11796;   34;    0
   16;    8;   11;24056;   30;24110;    5;    1; 2729; 1998;  226; 3012;  129; 3143;11964;   69;    4
   16;    9;   11;24059;   30;24110;    5;    1;    1;    1;    1;    1;    1;    1;    0;    0;    4
   16;   10;   11;24062;   30;24110;    5;    1;    1;    1;    1;    1;    1;    1;    0;    0;    4
   16;   11;   11;24065;   30;24110;    5;    1;    1;    1;    1;    1;    1;    1;    0;    0;    4
   17;    1;    2;24044;    1;    0;    0; 1024;    1;    1;    1;    1;    1;    1;    0;    0;    4
   17;    2;    2;24047;    1;    0;    0; 1024;    1;    1;    1;    1;    1;    1;    0;    0;    4
   17;    1;    2;24050;    1;    0;    0; 1024;    1;    1;    1;    1;    1;    1;    0;    0;    4
   17;    2;    2;24053;    1;    0;    0; 1024;    1;    1;    1;    1;    1;    1;    0;    0;    4
   16;    1;    2;25529;    1;    0;    0; 1024;    1;    1;    1;    1;    1;    1;    0;    0;    4
   16;    2;    2;25532;    1;    0;    0; 1024;    1;    1;    1;    1;    1;    1;    0;    0;    4
   17;    1;    2;25553;    1;    0;    0; 1024;    1;    1;    1;    1;    1;    1;    0;    0;    4
   17;    2;    2;25556;    1;    0;    0; 1024;    1;    1;    1;    1;    1;    1;    0;    0;    4
   15;    1;    2;25535;    1;    0;    0; 1024;    1;    1;    1;    1;    1;    1;    0;    0;    4
   15;    2;    2;25538;    1;    0;    0; 1024;    1;    1;    1;    1;    1;    1;    0;    0;    4
   16;    1;   12;25535;   33;25611;    7;    1;    1;    1;    1;    1;    1;    1;    0;    0;    0
   16;    2;   12;25538;   33;25611;    7;    1; 4720; 3475;  324; 4586;  164; 5346;12052;   69;    0
   16;    3;   12;25541;   33;25611;    7;    1; 5556; 4122;  583; 5477;  410; 6212;11564;   69;    0
   16;    4;   12;25544;   33;25611;    7;    1; 6110; 4565;  841; 6138;  635; 6762;11206;   69;    0
   16;    5;   12;25547;   33;25611;    7;    1; 6341; 4738;  953; 6468;  717; 7005;11114;   69;    0
   16;    6;   12;25550;   33;25611;    7;    1; 6193; 4648;  969; 6406;  713; 6840;11108;   69;    0
   16;    7;   12;25553;   33;25611;    7;    1; 5483; 4122;  878; 5738;  644; 6061;11097;   69;    0
   16;    8;   12;25556;   33;25611;    7;    1; 4053; 3079;  603; 4352;  384; 4503;11397;  104;    0
   16;    9;   12;25559;   33;25611;    7;    1; 2563; 1957;  312; 2733;  151; 2854;11809;  104;    4
   16;   10;   12;25562;   33;25611;    7;    1;    1;    1;    1;    1;    1;    1;    0;    0;    4
   16;   11;   12;25565;   33;25611;    7;    1;    1;    1;    1;    1;    1;    1;    0;    0;    4
   16;   12;   12;25568;   33;25611;    7;    1;    1;    1;    1;    1;    1;    1;    0;    0;    4
   15;    1;    2;25541;    1;    0;    0; 1024;    1;    1;    1;    1;    1;    1;    0;    0;    4
   15;    2;    2;25544;    1;    0;    0; 1024;    1;    1;    1;    1;    1;    1;    0;    0;    4
   17;    1;    2;25541;    1;    0;    0; 1024;    1;    1;    1;    1;    1;    1;    0;    0;    4
   17;    2;    2;25544;    1;    0;    0; 1024;    1;    1;    1;    1;    1;    1;    0;    0;    4
   17;    1;    2;25547;    1;    0;    0; 1024;    1;    1;    1;    1;    1;    1;    0;    0;    4
   17;    2;    2;25550;    1;    0;    0; 1024;    1;    1;    1;    1;    1;    1;    0;    0;    4
   16;    1;    2;26801;    1;    0;    0; 1024;    1;    1;    1;    1;    1;    1;    0;    0;    4
   16;    2;    2;26804;    1;    0;    0; 1024;    1;    1;    1;    1;    1;    1;    0;    0;    4
   15;    1;   11;26807;   30;26882;    5;    1;    1;    1;    1;    1;    1;    1;    0;    0;    4
   15;    2;   11;26810;   30;26882;    5;    1;    1;    1;    1;    1;    1;    1;    0;    0;    0
   15;    3;   11;26813;   30;26882;    5;    1; 2482; 1746;  176; 2414;  108; 2901;11940;   34;    0
   15;    4;   11;26816;   30;26882;    5;    1; 2853; 2017;  213; 2862;  123; 3318;11962;   34;    0
   15;    5;   11;26819;   30;26882;    5;    1; 2870; 2056;  230; 2943;  141; 3328;11901;   34;    0
   15;    6;   11;26822;   30;26882;    5;    1; 2478; 1806;  236; 2596;  151; 2855;11772;   69;    0
   15;    7;   11;26825;   30;26882;    5;    1; 1801; 1337;  209; 1942;  127; 2076;11682;   69;    0
   15;    8;   11;26828;   30;26882;    5;    1; 1092;  840;  158; 1191;  104; 1221;11408;   69;    4
   15;    9;   11;26831;   30;26882;    5;    1;    1;    1;    1;    1;    1;    1;    0;    0;    4
   15;   10;   11;26834;   30;26882;    5;    1;    1;    1;    1;    1;    1;    1;    0;    0;    4
   15;   11;   11;26837;   30;26882;    5;    1;    1;    1;    1;    1;    1;    1;    0;    0;    4
   16;    1;   10;26807;   27;26880;    5;    1;    1;    1;    1;    1;    1;    1;    0;    0;    0
   16;    2;   10;26810;   27;26880;    5;    1; 4477; 3163;  274; 4355;  159; 5145;12043;   34;    0
   16;    3;   10;26813;   27;26880;    5;    1; 5124; 3663;  420; 5108;  298; 5896;11770;   34;    0
   16;    4;   10;26816;   27;26880;    5;    1; 5305; 3813;  482; 5368;  337; 6084;11715;   34;    0
   16;    5;   10;26819;   27;26880;    5;    1; 5055; 3624;  466; 5185;  315; 5850;11740;   34;    0
   16;    6;   10;26822;   27;26880;    5;    1; 4362; 3115;  412; 4553;  285; 5062;11717;   34;    0
   16;    7;   10;26825;   27;26880;    5;    1; 3250; 2316;  286; 3485;  198; 3738;11789;   34;    4
   16;    8;   10;26828;   27;26880;    5;    1;    1;    1;    1;    1;    1;    1;    0;    0;    4
   16;    9;   10;26831;   27;26880;    5;    1;    1;    1;    1;    1;    1;    1;    0;    0;    4
   16;   10;   10;26834;   27;26880;    5;    1;    1;    1;    1;    1;    1;    1;    0;    0;    4
   16;    1;   11;28064;   30;28139;    5;    1;    1;    1;    1;    1;    1;    1;    0;    0;    4
   16;    2;   11;28067;   30;28139;    5;    1;    1;    1;    1;    1;    1;    1;    0;    0;    0
   16;    3;   11;28070;   30;28139;    5;    1; 3618; 2503;  268; 3576;  194; 4141;11821;   34;    0
   16;    4;   11;28073;   30;28139;    5;    1; 4465; 3091;  404; 4616;  319; 5149;11636;   34;    0
   16;    5;   11;28076;   30;28139;    5;    1; 4718; 3292;  441; 4997;  337; 5438;11656;   34;    0
   16;    6;   11;28079;   30;28139;    5;    1; 4423; 3103;  443; 4770;  328; 5117;11640;   34;    0
   16;    7;   11;28082;   30;28139;    5;    1; 3629; 2564;  391; 4014;  298; 4215;11571;   34;    0
   16;    8;   11;28085;   30;28139;    5;    1; 2485; 1770;  258; 2845;  172; 2877;11744;   34;    4
   16;    9;   11;28088;   30;28139;    5;    1;    1;    1;    1;    1;    1;    1;    0;    0;    4
   16;   10;   11;28091;   30;28139;    5;    1;    1;    1;    1;    1;    1;    1;    0;    0;    4
   16;   11;   11;28094;   30;28139;    5;    1;    1;    1;    1;    1;    1;    1;    0;    0;    4
   15;    1;    8;28070;   21;28140;    3;    1;    1;    1;    1;    1;    1;    1;    0;    0;    0
   15;    2;    8;28073;   21;28140;    3;    1; 2234; 1544;  160; 2151;  108; 2595;11872;   34;    0
   15;    3;    8;28076;   21;28140;    3;    1; 2683; 1877;  176; 2667;  104; 3120;12012;   34;    0
   15;    4;    8;28079;   21;28140;    3;    1; 2700; 1916;  174; 2776;  118; 3140;11968;   34;    0
   15;    5;    8;28082;   21;28140;    3;    1; 2281; 1638;  172; 2421;  118; 2651;11890;   34;    4
   15;    6;    8;28085;   21;28140;    3;    1;    1;    1;    1;    1;    1;    1;    0;    0;    4
   15;    7;    8;28088;   21;28140;    3;    1;    1;    1;    1;    1;    1;    1;    0;    0;    4
   15;    8;    8;28091;   21;28140;    3;    1;    1;    1;    1;    1;    1;    1;    0;    0;    4
   15;    1;   11;36773;   30;36848;    6;    1; 1739; 1292;  149; 1540;  104; 1939;11655;   34;    0
   15;    2;   11;36776;   30;36848;    6;    1; 2712; 2015;  274; 2507;  222; 2998;11393;   34;    0
   15;    3;   11;36779;   30;36848;    6;    1; 3539; 2634;  368; 3352;  269; 3909;11496;   34;    0
   15;    4;   11;36782;   30;36848;    6;    1; 3884; 2890;  397; 3800;  274; 4321;11598;   69;    0
   15;    5;   11;36785;   30;36848;    6;    1; 3672; 2755;  402; 3684;  288; 4077;11522;   69;    0
   15;    6;   11;36788;   30;36848;    6;    1; 2942; 2195;  333; 3035;  264; 3262;11412;   34;    0
   15;    7;   11;36791;   30;36848;    6;    1; 1972; 1477;  198; 2044;  123; 2173;11747;   69;    0
   15;    8;   11;36794;   30;36848;    6;    1; 1140;  869;  126; 1206;  108; 1257;11380;    0;    4
   15;    9;   11;36797;   30;36848;    6;    1;    1;    1;    1;    1;    1;    1;    0;    0;    4
   15;   10;   11;36800;   30;36848;    6;    1;    1;    1;    1;    1;    1;    1;    0;    0;    4
   15;   11;   11;36803;   30;36848;    6;    1;    1;    1;    1;    1;    1;    1;    0;    0;    4
   16;    1;   10;36773;   27;36846;    4;    1;    1;    1;    1;    1;    1;    1;    0;    0;    4
   16;    2;   10;36776;   27;36846;    4;    1;    1;    1;    1;    1;    1;    1;    0;    0;    0
   16;    3;   10;36779;   27;36846;    4;    1; 3020; 2185;  223; 2810;  164; 3482;11770;   34;    0
   16;    4;   10;36782;   27;36846;    4;    1; 3877; 2792;  280; 3691;  190; 4467;11856;   34;    0
   16;    5;   10;36785;   27;36846;    4;    1; 4327; 3128;  300; 4243;  185; 4994;11954;   34;    0
   16;    6;   10;36788;   27;36846;    4;    1; 4295; 3100;  302; 4293;  181; 4989;11972;   34;    0
   16;    7;   10;36791;   27;36846;    4;    1; 3706; 2679;  258; 3820;  155; 4302;11992;   34;    4
   16;    8;   10;36794;   27;36846;    4;    1;    1;    1;    1;    1;    1;    1;    0;    0;    4
   16;    9;   10;36797;   27;36846;    4;    1;    1;    1;    1;    1;    1;    1;    0;    0;    4
   16;   10;   10;36800;   27;36846;    4;    1;    1;    1;    1;    1;    1;    1;    0;    0;    4
   16;    1;   11;38303;   30;38378;    5;    1;    1;    1;    1;    1;    1;    1;    0;    0;    4
   16;    2;   11;38306;   30;38378;    5;    1;    1;    1;    1;    1;    1;    1;    0;    0;    0
   16;    3;   11;38309;   30;38378;    5;    1; 3558; 2566;  223; 3499;  125; 4054;12053;   34;    0
   16;    4;   11;38312;   30;38378;    5;    1; 4515; 3240;  352; 4596;  255; 5218;11806;   34;    0
   16;    5;   11;38315;   30;38378;    5;    1; 4968; 3555;  398; 5205;  268; 5745;11856;   34;    0
   16;    6;   11;38318;   30;38378;    5;    1; 4941; 3506;  391; 5264;  268; 5740;11863;   34;    0
   16;    7;   11;38321;   30;38378;    5;    1; 4548; 3192;  354; 4905;  250; 5328;11862;   34;    0
   16;    8;   11;38324;   30;38378;    5;    1; 3639; 2558;  257; 4062;  151; 4315;12035;   34;    4
   16;    9;   11;38327;   30;38378;    5;    1;    1;    1;    1;    1;    1;    1;    0;    0;    4
   16;   10;   11;38330;   30;38378;    5;    1;    1;    1;    1;    1;    1;    1;    0;    0;    4
   16;   11;   11;38333;   30;38378;    5;    1;    1;    1;    1;    1;    1;    1;    0;    0;    4
   15;    1;    9;38306;   24;38378;    4;    1; 1550; 1177;  162; 1418;  104; 1720;11583;   69;    0
   15;    2;    9;38309;   24;38378;    4;    1; 2079; 1554;  219; 1912;  137; 2331;11604;   69;    0
   15;    3;    9;38312;   24;38378;    4;    1; 2427; 1800;  234; 2341;  137; 2758;11768;   69;    0
   15;    4;    9;38315;   24;38378;    4;    1; 2497; 1829;  245; 2483;  132; 2845;11835;   69;    0
   15;    5;    9;38318;   24;38378;    4;    1; 2259; 1616;  218; 2307;  127; 2595;11811;   69;    0
   15;    6;    9;38321;   24;38378;    4;    1; 1779; 1261;  163; 1896;  104; 2056;11814;   34;    4
   15;    7;    9;38324;   24;38378;    4;    1;    1;    1;    1;    1;    1;    1;    0;    0;    4
   15;    8;    9;38327;   24;38378;    4;    1;    1;    1;    1;    1;    1;    1;    0;    0;    4
   15;    9;    9;38330;   24;38378;    4;    1;    1;    1;    1;    1;    1;    1;    0;    0;    0
   16;    1;    2;39905;    1;    0;    0; 1024;    1;    1;    1;    1;    1;    1;    0;    0;    4
   16;    2;    2;39908;    1;    0;    0; 1024;    1;    1;    1;    1;    1;    1;    0;    0;    4
   15;    1;    2;39911;    1;    0;    0; 1024;    1;    1;    1;    1;    1;    1;    0;    0;    4
   15;    2;    2;39914;    1;    0;    0; 1024;    1;    1;    1;    1;    1;    1;    0;    0;    4
   16;    1;   10;39911;   27;39984;    5;    1;    1;    1;    1;    1;    1;    1;    0;    0;    0
   16;    2;   10;39914;   27;39984;    5;    1; 4050; 2917;  346; 3981;  246; 4476;11727;   34;    0
   16;    3;   10;39917;   27;39984;    5;    1; 4907; 3558;  529; 5035;  406; 5456;11492;   34;    0
   16;    4;   10;39920;   27;39984;    5;    1; 5258; 3809;  582; 5473;  419; 5837;11543;   34;    0
   16;    5;   10;39923;   27;39984;    5;    1; 5155; 3735;  584; 5437;  415; 5740;11545;   69;    0
   16;    6;   10;39926;   27;39984;    5;    1; 4556; 3263;  535; 4900;  393; 5108;11497;   34;    0
   16;    7;   10;39929;   27;39984;    5;    1; 3362; 2408;  382; 3767;  246; 3789;11683;   69;    4
   16;    8;   10;39932;   27;39984;    5;    1;    1;    1;    1;    1;    1;    1;    0;    0;    4
   16;    9;   10;39935;   27;39984;    5;    1;    1;    1;    1;    1;    1;    1;    0;    0;    4
   16;   10;   10;39938;   27;39984;    5;    1;    1;    1;    1;    1;    1;    1;    0;    0;    4
   15;    1;    9;39917;   24;39989;    2;    1;    1;    1;    1;    1;    1;    1;    0;    0;    4
   15;    2;    9;39920;   24;39989;    2;    1;    1;    1;    1;    1;    1;    1;    0;    0;    0
   15;    3;    9;39923;   24;39989;    2;    1; 1855; 1329;  153; 1981;  104; 2132;11843;   34;    0
   15;    4;    9;39926;   24;39989;    2;    1; 1453; 1055;  147; 1580;  108; 1659;11645;   34;    4
   15;    5;    9;39929;   24;39989;    2;    1;    1;    1;    1;    1;    1;    1;    0;    0;    0
   15;    6;    9;39932;   24;39989;    2;    1;  561;  434;  106;  620;  104;  595;10403;    0;    4
   15;    7;    9;39935;   24;39989;    2;    1;    1;    1;    1;    1;    1;    1;    0;    0;    4
   15;    8;    9;39938;   24;39989;    2;    1;    1;    1;    1;    1;    1;    1;    0;    0;    4
   15;    9;    9;39941;   24;39989;    2;    1;    1;    1;    1;    1;    1;    1;    0;    0;    4
   17;    1;    2;39917;    1;    0;    0; 1024;    1;    1;    1;    1;    1;    1;    0;    0;    4
   17;    2;    2;39920;    1;    0;    0; 1024;    1;    1;    1;    1;    1;    1;    0;    0;    4
   17;    1;    2;39923;    1;    0;    0; 1024;    1;    1;    1;    1;    1;    1;    0;    0;    4
   17;    2;    2;39926;    1;    0;    0; 1024;    1;    1;    1;    1;    1;    1;    0;    0;    4
   15;    1;    2;41480;    1;    0;    0; 1024;    1;    1;    1;    1;    1;    1;    0;    0;    4
   15;    2;    2;41483;    1;    0;    0; 1024;    1;    1;    1;    1;    1;    1;    0;    0;    4
   15;    1;    2;41492;    1;    0;    0; 1024;    1;    1;    1;    1;    1;    1;    0;    0;    4
   15;    2;    2;41495;    1;    0;    0; 1024;    1;    1;    1;    1;    1;    1;    0;    0;    4
   16;    1;   12;41477;   33;41553;    6;    1;    1;    1;    1;    1;    1;    1;    0;    0;    4
   16;    2;   12;41480;   33;41553;    6;    1;    1;    1;    1;    1;    1;    1;    0;    0;    0
   16;    3;   12;41483;   33;41553;    6;    1; 3014; 2191;  229; 2886;  155; 3344;11828;   34;    0
   16;    4;   12;41486;   33;41553;    6;    1; 4131; 2991;  415; 4056;  332; 4586;11476;   34;    0
   16;    5;   12;41489;   33;41553;    6;    1; 4823; 3499;  503; 4894;  384; 5401;11519;   34;    0
   16;    6;   12;41492;   33;41553;    6;    1; 4941; 3584;  529; 5139;  393; 5552;11544;   34;    0
   16;    7;   12;41495;   33;41553;    6;    1; 4474; 3241;  511; 4764;  376; 5071;11513;   34;    0
   16;    8;   12;41498;   33;41553;    6;    1; 3438; 2485;  403; 3783;  306; 3894;11488;   34;    0
   16;    9;   12;41501;   33;41553;    6;    1; 2239; 1607;  213; 2495;  125; 2533;11873;   69;    4
   16;   10;   12;41504;   33;41553;    6;    1;    1;    1;    1;    1;    1;    1;    0;    0;    4
   16;   11;   12;41507;   33;41553;    6;    1;    1;    1;    1;    1;    1;    1;    0;    0;    4
   16;   12;   12;41510;   33;41553;    6;    1;    1;    1;    1;    1;    1;    1;    0;    0;    4
   15;    1;    2;41486;    1;    0;    0; 1024;    1;    1;    1;    1;    1;    1;    0;    0;    4
   15;    2;    2;41489;    1;    0;    0; 1024;    1;    1;    1;    1;    1;    1;    0;    0;    4
   17;    1;    2;41489;    1;    0;    0; 1024;    1;    1;    1;    1;    1;    1;    0;    0;    4
   17;    2;    2;41492;    1;    0;    0; 1024;    1;    1;    1;    1;    1;    1;    0;    0;    4
   17;    1;    2;41495;    1;    0;    0; 1024;    1;    1;    1;    1;    1;    1;    0;    0;    4
   17;    2;    2;41498;    1;    0;    0; 1024;    1;    1;    1;    1;    1;    1;    0;    0;    4
   17;    1;   11;46286;   30;46361;    5;    1;    1;    1;    1;    1;    1;    1;    0;    0;    4
   17;    2;   11;46289;   30;46361;    5;    1;    1;    1;    1;    1;    1;    1;    0;    0;    0
   17;    3;   11;46292;   30;46361;    5;    1; 3529; 2748;  292; 3167;  208; 3861;11679;   34;    0
   17;    4;   11;46295;   30;46361;    5;    1; 4317; 3362;  404; 4017;  297; 4746;11575;   34;    0
   17;    5;   11;46298;   30;46361;    5;    1; 4607; 3570;  439; 4351;  306; 5053;11620;   34;    0
   17;    6;   11;46301;   30;46361;    5;    1; 4428; 3422;  437; 4239;  310; 4862;11585;   34;    0
   17;    7;   11;46304;   30;46361;    5;    1; 3846; 2953;  374; 3745;  288; 4247;11538;   34;    0
   17;    8;   11;46307;   30;46361;    5;    1; 2968; 2264;  244; 2926;  146; 3302;11876;   69;    4
   17;    9;   11;46310;   30;46361;    5;    1;    1;    1;    1;    1;    1;    1;    0;    0;    4
   17;   10;   11;46313;   30;46361;    5;    1;    1;    1;    1;    1;    1;    1;    0;    0;    4
   17;   11;   11;46316;   30;46361;    5;    1;    1;    1;    1;    1;    1;    1;    0;    0;    4
   16;    1;   10;46289;   27;46362;    4;    1;    1;    1;    1;    1;    1;    1;    0;    0;    4
   16;    2;   10;46292;   27;46362;    4;    1;    1;    1;    1;    1;    1;    1;    0;    0;    0
   16;    3;   10;46295;   27;46362;    4;    1; 3117; 2334;  210; 2852;  134; 3601;11912;   34;    0
   16;    4;   10;46298;   27;46362;    4;    1; 3761; 2823;  247; 3533;  155; 4357;11951;   34;    0
   16;    5;   10;46301;   27;46362;    4;    1; 4155; 3104;  258; 3938;  147; 4806;12033;   34;    0
   16;    6;   10;46304;   27;46362;    4;    1; 4239; 3161;  255; 4078;  147; 4929;12049;   34;    0
   16;    7;   10;46307;   27;46362;    4;    1; 3990; 2964;  219; 3901;  121; 4618;12112;   34;    4
   16;    8;   10;46310;   27;46362;    4;    1;    1;    1;    1;    1;    1;    1;    0;    0;    4
   16;    9;   10;46313;   27;46362;    4;    1;    1;    1;    1;    1;    1;    1;    0;    0;    4
   16;   10;   10;46316;   27;46362;    4;    1;    1;    1;    1;    1;    1;    1;    0;    0;    4
   15;    1;   11;47114;   30;47189;    5;    1;    1;    1;    1;    1;    1;    1;    0;    0;    4
   15;    2;   11;47117;   30;47189;    5;    1;    1;    1;    1;    1;    1;    1;    0;    0;    0
   15;    3;   11;47120;   30;47189;    5;    1; 3526; 2446;  281; 3486;  208; 4102;11754;   34;    0
   15;    4;   11;47123;   30;47189;    5;    1; 4308; 3017;  420; 4464;  298; 5064;11665;   34;    0
   15;    5;   11;47126;   30;47189;    5;    1; 4581; 3228;  493; 4875;  354; 5370;11592;   34;    0
   15;    6;   11;47129;   30;47189;    5;    1; 4328; 3060;  507; 4702;  354; 5059;11558;   69;    0
   15;    7;   11;47132;   30;47189;    5;    1; 3534; 2496;  440; 3967;  326; 4133;11472;   34;    0
   15;    8;   11;47135;   30;47189;    5;    1; 2402; 1693;  276; 2783;  175; 2758;11713;   69;    4
   15;    9;   11;47138;   30;47189;    5;    1;    1;    1;    1;    1;    1;    1;    0;    0;    4
   15;   10;   11;47141;   30;47189;    5;    1;    1;    1;    1;    1;    1;    1;    0;    0;    4
   15;   11;   11;47144;   30;47189;    5;    1;    1;    1;    1;    1;    1;    1;    0;    0;    4
   16;    1;   11;47117;   30;47192;    5;    1;    1;    1;    1;    1;    1;    1;    0;    0;    4
   16;    2;   11;47120;   30;47192;    5;    1;    1;    1;    1;    1;    1;    1;    0;    0;    0
   16;    3;   11;47123;   30;47192;    5;    1; 3635; 2576;  289; 3582;  211; 4201;11763;   34;    0
   16;    4;   11;47126;   30;47192;    5;    1; 4530; 3233;  419; 4620;  302; 5250;11682;   34;    0
   16;    5;   11;47129;   30;47192;    5;    1; 5015; 3579;  482; 5221;  332; 5804;11705;   34;    0
   16;    6;   11;47132;   30;47192;    5;    1; 4994; 3545;  490; 5309;  332; 5818;11718;   34;    0
   16;    7;   11;47135;   30;47192;    5;    1; 4254; 2993;  399; 4713;  272; 5021;11778;   34;    0
   16;    8;   11;47138;   30;47192;    5;    1; 3039; 2148;  240; 3431;  134; 3532;12011;   34;    4
   16;    9;   11;47141;   30;47192;    5;    1;    1;    1;    1;    1;    1;    1;    0;    0;    4
   16;   10;   11;47144;   30;47192;    5;    1;    1;    1;    1;    1;    1;    1;    0;    0;    4
   16;   11;   11;47147;   30;47192;    5;    1;    1;    1;    1;    1;    1;    1;    0;    0;    4
   16;    1;   12;48701;   33;48777;    6;    1;    1;    1;    1;    1;    1;    1;    0;    0;    4
   16;    2;   12;48704;   33;48777;    6;    1;    1;    1;    1;    1;    1;    1;    0;    0;    0
   16;    3;   12;48707;   33;48777;    6;    1; 2994; 2133;  203; 2859;  112; 3349;12010;   34;    0
   16;    4;   12;48710;   33;48777;    6;    1; 4243; 3060;  396; 4093;  294; 4682;11602;   34;    0
   16;    5;   12;48713;   33;48777;    6;    1; 5088; 3720;  562; 5136;  419; 5621;11480;   34;    0
   16;    6;   12;48716;   33;48777;    6;    1; 5357; 3958;  592; 5519;  436; 5919;11512;   34;    0
   16;    7;   12;48719;   33;48777;    6;    1; 5091; 3774;  574; 5333;  406; 5667;11548;   69;    0
   16;    8;   12;48722;   33;48777;    6;    1; 4164; 3095;  487; 4493;  363; 4645;11490;   34;    0
   16;    9;   12;48725;   33;48777;    6;    1; 2841; 2107;  310; 3163;  207; 3179;11681;   69;    4
   16;   10;   12;48728;   33;48777;    6;    1;    1;    1;    1;    1;    1;    1;    0;    0;    4
   16;   11;   12;48731;   33;48777;    6;    1;    1;    1;    1;    1;    1;    1;    0;    0;    4
   16;   12;   12;48734;   33;48777;    6;    1;    1;    1;    1;    1;    1;    1;    0;    0;    4
   15;    1;   11;48704;   30;48779;    6;    1; 1328;  959;  156; 1254;  108; 1471;11423;   69;    0
   15;    2;   11;48707;   30;48779;    6;    1; 2127; 1540;  290; 1993;  217; 2305;11138;   69;    0
   15;    3;   11;48710;   30;48779;    6;    1; 2935; 2137;  460; 2795;  321; 3145;11064;  104;    0
   15;    4;   11;48713;   30;48779;    6;    1; 3459; 2540;  534; 3458;  392; 3756;11082;   69;    0
   15;    5;   11;48716;   30;48779;    6;    1; 3532; 2618;  548; 3616;  378; 3837;11193;  104;    0
   15;    6;   11;48719;   30;48779;    6;    1; 3104; 2315;  498; 3243;  359; 3364;11116;   69;    0
   15;    7;   11;48722;   30;48779;    6;    1; 2299; 1736;  359; 2469;  241; 2494;11279;  104;    0
   15;    8;   11;48725;   30;48779;    6;    1; 1445; 1093;  210; 1630;  146; 1583;11380;   69;    4
   15;    9;   11;48728;   30;48779;    6;    1;    1;    1;    1;    1;    1;    1;    0;    0;    4
   15;   10;   11;48731;   30;48779;    6;    1;    1;    1;    1;    1;    1;    1;    0;    0;    4
   15;   11;   11;48734;   30;48779;    6;    1;    1;    1;    1;    1;    1;    1;    0;    0;    4
   15;    1;    6;50312;   15;50379;    3;    1;    1;    1;    1;    1;    1;    1;    0;    0;    0
   15;    2;    6;50315;   15;50379;    3;    1; 1613; 1145;  158; 1661;  108; 1888;11687;   34;    0
   15;    3;    6;50318;   15;50379;    3;    1; 1806; 1266;  165; 1916;  108; 2137;11795;   34;    0
   15;    4;    6;50321;   15;50379;    3;    1; 1697; 1180;  167; 1840;  108; 2000;11766;   69;    0
   15;    5;    6;50324;   15;50379;    3;    1; 1327;  926;  148; 1482;  113; 1547;11546;   34;    4
   15;    6;    6;50327;   15;50379;    3;    1;    1;    1;    1;    1;    1;    1;    0;    0;    0
   16;    1;   11;50309;   30;50384;    5;    1;    1;    1;    1;    1;    1;    1;    0;    0;    4
   16;    2;   11;50312;   30;50384;    5;    1;    1;    1;    1;    1;    1;    1;    0;    0;    0
   16;    3;   11;50315;   30;50384;    5;    1; 3925; 2837;  404; 3945;  259; 4430;11679;   69;    0
   16;    4;   11;50318;   30;50384;    5;    1; 5024; 3647;  631; 5263;  428; 5727;11483;   69;    0
   16;    5;   11;50321;   30;50384;    5;    1; 5514; 4014;  717; 5934;  471; 6308;11507;   69;    0
   16;    6;   11;50324;   30;50384;    5;    1; 5495; 3999;  721; 5982;  484; 6308;11488;   69;    0
   16;    7;   11;50327;   30;50384;    5;    1; 4964; 3583;  632; 5514;  441; 5804;11500;   69;    0
   16;    8;   11;50330;   30;50384;    5;    1; 3817; 2728;  409; 4379;  237; 4512;11823;   69;    4
   16;    9;   11;50333;   30;50384;    5;    1;    1;    1;    1;    1;    1;    1;    0;    0;    4
   16;   10;   11;50336;   30;50384;    5;    1;    1;    1;    1;    1;    1;    1;    0;    0;    4
   16;   11;   11;50339;   30;50384;    5;    1;    1;    1;    1;    1;    1;    1;    0;    0;    4
   17;    1;    2;50324;    1;    0;    0; 1024;    1;    1;    1;    1;    1;    1;    0;    0;    4
   17;    2;    2;50327;    1;    0;    0; 1024;    1;    1;    1;    1;    1;    1;    0;    0;    4
   15;    1;    2;51890;    1;    0;    0; 1024;    1;    1;    1;    1;    1;    1;    0;    0;    4
   15;    2;    2;51893;    1;    0;    0; 1024;    1;    1;    1;    1;    1;    1;    0;    0;    4
   16;    1;   13;51884;   36;51962;    7;    1;    1;    1;    1;    1;    1;    1;    0;    0;    4
   16;    2;   13;51887;   36;51962;    7;    1;    1;    1;    1;    1;    1;    1;    0;    0;    0
   16;    3;   13;51890;   36;51962;    7;    1; 3281; 2431;  208; 3025;  103; 3647;12074;   69;    0
   16;    4;   13;51893;   36;51962;    7;    1; 4726; 3512;  443; 4397;  328; 5172;11567;   34;    0
   16;    5;   13;51896;   36;51962;    7;    1; 5775; 4315;  723; 5609;  570; 6322;11229;   34;    0
   16;    6;   13;51899;   36;51962;    7;    1; 6138; 4604;  820; 6086;  622; 6712;11222;   69;    0
   16;    7;   13;51902;   36;51962;    7;    1; 5989; 4479;  835; 5980;  644; 6551;11153;   69;    0
   16;    8;   13;51905;   36;51962;    7;    1; 5276; 3901;  747; 5363;  592; 5846;11120;   34;    0
   16;    9;   13;51908;   36;51962;    7;    1; 3897; 2865;  477; 4075;  332; 4352;11481;   69;    0
   16;   10;   13;51911;   36;51962;    7;    1; 2529; 1846;  213; 2619;  125; 2836;11903;   69;    4
   16;   11;   13;51914;   36;51962;    7;    1;    1;    1;    1;    1;    1;    1;    0;    0;    4
   16;   12;   13;51917;   36;51962;    7;    1;    1;    1;    1;    1;    1;    1;    0;    0;    4
   16;   13;   13;51920;   36;51962;    7;    1;    1;    1;    1;    1;    1;    1;    0;    0;    4
   17;    1;    2;51893;    1;    0;    0; 1024;    1;    1;    1;    1;    1;    1;    0;    0;    4
   17;    2;    2;51896;    1;    0;    0; 1024;    1;    1;    1;    1;    1;    1;    0;    0;    4
   15;    1;    9;51896;   24;51968;    4;    1;    1;    1;    1;    1;    1;    1;    0;    0;    0
   15;    2;    9;51899;   24;51968;    4;    1; 2629; 1872;  187; 2494;  104; 3008;11978;   69;    0
   15;    3;    9;51902;   24;51968;    4;    1; 2713; 1951;  196; 2643;  108; 3094;11989;   69;    0
   15;    4;    9;51905;   24;51968;    4;    1; 2416; 1757;  191; 2424;  113; 2753;11917;   69;    0
   15;    5;    9;51908;   24;51968;    4;    1; 1850; 1386;  162; 1915;  104; 2092;11821;   34;    0
   15;    6;    9;51911;   24;51968;    4;    1; 1229;  928;  133; 1297;  104; 1348;11497;   34;    4
   15;    7;    9;51914;   24;51968;    4;    1;    1;    1;    1;    1;    1;    1;    0;    0;    4
   15;    8;    9;51917;   24;51968;    4;    1;    1;    1;    1;    1;    1;    1;    0;    0;    4
   15;    9;    9;51920;   24;51968;    4;    1;    1;    1;    1;    1;    1;    1;    0;    0;    0
   17;    1;    2;51899;    1;    0;    0; 1024;    1;    1;    1;    1;    1;    1;    0;    0;    4
   17;    2;    2;51902;    1;    0;    0; 1024;    1;    1;    1;    1;    1;    1;    0;    0;    4
   16;    1;   12; 3913;   33; 3989;    7;    1;    1;    1;    1;    1;    1;    1;    0;    0;    0
   16;    2;   12; 3916;   33; 3989;    7;    1; 2782; 2082;  310; 2521;  147; 3065;11771;  138;    0
   16;    3;   12; 3919;   33; 3989;    7;    1; 3971; 3023;  530; 3564;  272; 4329;11546;  138;    0
   16;    4;   12; 3922;   33; 3989;    7;    1; 4903; 3786;  760; 4463;  397; 5369;11388;  173;    0
   16;    5;   12; 3925;   33; 3989;    7;    1; 5273; 4106;  845; 4918;  428; 5772;11412;  173;    0
   16;    6;   12; 3928;   33; 3989;    7;    1; 5011; 3926;  814; 4769;  423; 5525;11391;  173;    0
   16;    7;   12; 3931;   33; 3989;    7;    1; 4107; 3245;  698; 4007;  367; 4535;11355;  173;    0
   16;    8;   12; 3934;   33; 3989;    7;    1; 2854; 2256;  493; 2845;  259; 3147;11362;  173;    0
   16;    9;   12; 3937;   33; 3989;    7;    1; 1635; 1274;  239; 1734;  116; 1818;11663;  138;    4
   16;   10;   12; 3940;   33; 3989;    7;    1;    1;    1;    1;    1;    1;    1;    0;    0;    4
   16;   11;   12; 3943;   33; 3989;    7;    1;    1;    1;    1;    1;    1;    1;    0;    0;    4
   16;   12;   12; 3946;   33; 3989;    7;    1;    1;    1;    1;    1;    1;    1;    0;    0;    4
   15;    1;    2; 5578;    1;    0;    0; 1024;    1;    1;    1;    1;    1;    1;    0;    0;    4
   15;    2;    2; 5581;    1;    0;    0; 1024;    1;    1;    1;    1;    1;    1;    0;    0;    4
   16;    1;   11; 5572;   30; 5647;    5;    1;    1;    1;    1;    1;    1;    1;    0;    0;    4
   16;    2;   11; 5575;   30; 5647;    5;    1;    1;    1;    1;    1;    1;    1;    0;    0;    0
   16;    3;   11; 5578;   30; 5647;    5;    1; 3408; 2302;  344; 3366;  268; 3976;11504;   34;    0
   16;    4;   11; 5581;   30; 5647;    5;    1; 4089; 2749;  431; 4173;  306; 4819;11583;   34;    0
   16;    5;   11; 5584;   30; 5647;    5;    1; 4327; 2905;  451; 4530;  319; 5122;11619;   34;    0
   16;    6;   11; 5587;   30; 5647;    5;    1; 4224; 2837;  438; 4477;  311; 5030;11631;   34;    0
   16;    7;   11; 5590;   30; 5647;    5;    1; 3619; 2421;  350; 3946;  246; 4352;11720;   34;    0
   16;    8;   11; 5593;   30; 5647;    5;    1; 2695; 1818;  200; 2952;  108; 3175;12042;   34;    4
   16;    9;   11; 5596;   30; 5647;    5;    1;    1;    1;    1;    1;    1;    1;    0;    0;    4
   16;   10;   11; 5599;   30; 5647;    5;    1;    1;    1;    1;    1;    1;    1;    0;    0;    4
   16;   11;   11; 5602;   30; 5647;    5;    1;    1;    1;    1;    1;    1;    1;    0;    0;    4
   15;    1;    2; 5584;    1;    0;    0; 1024;    1;    1;    1;    1;    1;    1;    0;    0;    4
   15;    2;    2; 5587;    1;    0;    0; 1024;    1;    1;    1;    1;    1;    1;    0;    0;    4
   17;    1;    2; 5584;    1;    0;    0; 1024;    1;    1;    1;    1;    1;    1;    0;    0;    4
   17;    2;    2; 5587;    1;    0;    0; 1024;    1;    1;    1;    1;    1;    1;    0;    0;    4
   17;    1;    2; 7135;    1;    0;    0; 1024;    1;    1;    1;    1;    1;    1;    0;    0;    4
   17;    2;    2; 7138;    1;    0;    0; 1024;    1;    1;    1;    1;    1;    1;    0;    0;    4
   16;    1;   11; 7129;   30; 7204;    5;    1;    1;    1;    1;    1;    1;    1;    0;    0;    4
   16;    2;   11; 7132;   30; 7204;    5;    1;    1;    1;    1;    1;    1;    1;    0;    0;    0
   16;    3;   11; 7135;   30; 7204;    5;    1; 3990; 3038;  291; 3735;  159; 4476;11967;   69;    0
   16;    4;   11; 7138;   30; 7204;    5;    1; 5218; 3975;  469; 5072;  311; 5924;11733;   34;    0
   16;    5;   11; 7141;   30; 7204;    5;    1; 5818; 4444;  537; 5815;  337; 6583;11775;   69;    0
   16;    6;   11; 7144;   30; 7204;    5;    1; 5786; 4424;  532; 5887;  332; 6579;11795;   69;    0
   16;    7;   11; 7147;   30; 7204;    5;    1; 5137; 3903;  466; 5327;  306; 5896;11781;   34;    0
   16;    8;   11; 7150;   30; 7204;    5;    1; 3807; 2905;  310; 4104;  155; 4366;12027;   69;    4
   16;    9;   11; 7153;   30; 7204;    5;    1;    1;    1;    1;    1;    1;    1;    0;    0;    4
   16;   10;   11; 7156;   30; 7204;    5;    1;    1;    1;    1;    1;    1;    1;    0;    0;    4
   16;   11;   11; 7159;   30; 7204;    5;    1;    1;    1;    1;    1;    1;    1;    0;    0;    4
   17;    1;    2; 7147;    1;    0;    0; 1024;    1;    1;    1;    1;    1;    1;    0;    0;    4
   17;    2;    2; 7150;    1;    0;    0; 1024;    1;    1;    1;    1;    1;    1;    0;    0;    4
   17;    1;    2; 7141;    1;    0;    0; 1024;    1;    1;    1;    1;    1;    1;    0;    0;    4
   17;    2;    2; 7144;    1;    0;    0; 1024;    1;    1;    1;    1;    1;    1;    0;    0;    4
   16;    1;   11; 9019;   30; 9094;    5;    1;    1;    1;    1;    1;    1;    1;    0;    0;    4
   16;    2;   11; 9022;   30; 9094;    5;    1;    1;    1;    1;    1;    1;    1;    0;    0;    0
   16;    3;   11; 9025;   30; 9094;    5;    1; 3581; 2502;  338; 3546;  233; 4096;11678;   34;    0
   16;    4;   11; 9028;   30; 9094;    5;    1; 4524; 3175;  487; 4640;  345; 5250;11570;   34;    0
   16;    5;   11; 9031;   30; 9094;    5;    1; 5038; 3548;  524; 5278;  367; 5855;11630;   34;    0
   16;    6;   11; 9034;   30; 9094;    5;    1; 5123; 3628;  527; 5460;  367; 5983;11659;   34;    0
   16;    7;   11; 9037;   30; 9094;    5;    1; 4806; 3374;  462; 5192;  319; 5644;11731;   34;    0
   16;    8;   11; 9040;   30; 9094;    5;    1; 3999; 2777;  300; 4413;  159; 4732;12049;   34;    4
   16;    9;   11; 9043;   30; 9094;    5;    1;    1;    1;    1;    1;    1;    1;    0;    0;    4
   16;   10;   11; 9046;   30; 9094;    5;    1;    1;    1;    1;    1;    1;    1;    0;    0;    4
   16;   11;   11; 9049;   30; 9094;    5;    1;    1;    1;    1;    1;    1;    1;    0;    0;    4
   15;    1;    8; 9022;   21; 9092;    2;    1;    1;    1;    1;    1;    1;    1;    0;    0;    0
   15;    2;    8; 9025;   21; 9092;    2;    1; 1996; 1407;  158; 2025;  113; 2361;11802;   34;    4
   15;    3;    8; 9028;   21; 9092;    2;    1;    1;    1;    1;    1;    1;    1;    0;    0;    4
   15;    4;    8; 9031;   21; 9092;    2;    1;    1;    1;    1;    1;    1;    1;    0;    0;    0
   15;    5;    8; 9034;   21; 9092;    2;    1; 1748; 1221;  162; 1912;  108; 2076;11793;   34;    0
   15;    6;    8; 9037;   21; 9092;    2;    1; 1282;  895;  135; 1399;  104; 1455;11570;   34;    4
   15;    7;    8; 9040;   21; 9092;    2;    1;    1;    1;    1;    1;    1;    1;    0;    0;    4
   15;    8;    8; 9043;   21; 9092;    2;    1;    1;    1;    1;    1;    1;    1;    0;    0;    0
   17;    1;    2; 9031;    1;    0;    0; 1024;    1;    1;    1;    1;    1;    1;    0;    0;    4
   17;    2;    2; 9034;    1;    0;    0; 1024;    1;    1;    1;    1;    1;    1;    0;    0;    4
   17;    1;    2; 9037;    1;    0;    0; 1024;    1;    1;    1;    1;    1;    1;    0;    0;    4
   17;    2;    2; 9040;    1;    0;    0; 1024;    1;    1;    1;    1;    1;    1;    0;    0;    4
   15;    1;    2;33250;    1;    0;    0; 1024;    1;    1;    1;    1;    1;    1;    0;    0;    4
   15;    2;    2;33253;    1;    0;    0; 1024;    1;    1;    1;    1;    1;    1;    0;    0;    4
   16;    1;   10;33247;   27;33320;    5;    1;    1;    1;    1;    1;    1;    1;    0;    0;    0
   16;    2;   10;33250;   27;33320;    5;    1; 3002; 2088;  235; 2918;  142; 3472;11891;   69;    0
   16;    3;   10;33253;   27;33320;    5;    1; 4108; 2861;  378; 4125;  272; 4755;11675;   34;    0
   16;    4;   10;33256;   27;33320;    5;    1; 4727; 3323;  423; 4900;  302; 5511;11729;   34;    0
   16;    5;   10;33259;   27;33320;    5;    1; 4634; 3286;  432; 4930;  289; 5415;11767;   34;    0
   16;    6;   10;33262;   27;33320;    5;    1; 3824; 2749;  393; 4208;  281; 4467;11665;   34;    0
   16;    7;   10;33265;   27;33320;    5;    1; 2607; 1900;  270; 2966;  164; 2996;11808;   69;    4
   16;    8;   10;33268;   27;33320;    5;    1;    1;    1;    1;    1;    1;    1;    0;    0;    4
   16;    9;   10;33271;   27;33320;    5;    1;    1;    1;    1;    1;    1;    1;    0;    0;    4
   16;   10;   10;33274;   27;33320;    5;    1;    1;    1;    1;    1;    1;    1;    0;    0;    4
   15;    1;    2;33256;    1;    0;    0; 1024;    1;    1;    1;    1;    1;    1;    0;    0;    4
   15;    2;    2;33259;    1;    0;    0; 1024;    1;    1;    1;    1;    1;    1;    0;    0;    4
   17;    1;    2;33256;    1;    0;    0; 1024;    1;    1;    1;    1;    1;    1;    0;    0;    4
   17;    2;    2;33259;    1;    0;    0; 1024;    1;    1;    1;    1;    1;    1;    0;    0;    4
   17;    1;    2;33262;    1;    0;    0; 1024;    1;    1;    1;    1;    1;    1;    0;    0;    4
   17;    2;    2;33265;    1;    0;    0; 1024;    1;    1;    1;    1;    1;    1;    0;    0;    4
   16;    1;   11;35152;   30;35227;    5;    1;    1;    1;    1;    1;    1;    1;    0;    0;    4
   16;    2;   11;35155;   30;35227;    5;    1;    1;    1;    1;    1;    1;    1;    0;    0;    0
   16;    3;   11;35158;   30;35227;    5;    1; 3358; 2281;  298; 3262;  190; 3876;11771;   69;    0
   16;    4;   11;35161;   30;35227;    5;    1; 3901; 2663;  358; 3929;  233; 4531;11758;   69;    0
   16;    5;   11;35164;   30;35227;    5;    1; 4019; 2733;  384; 4124;  229; 4664;11805;   69;    0
   16;    6;   11;35167;   30;35227;    5;    1; 3625; 2472;  365; 3801;  237; 4233;11720;   69;    0
   16;    7;   11;35170;   30;35227;    5;    1; 2771; 1902;  293; 2987;  198; 3211;11671;   69;    0
   16;    8;   11;35173;   30;35227;    5;    1; 1796; 1246;  171; 1958;  103; 2075;11842;   69;    4
   16;    9;   11;35176;   30;35227;    5;    1;    1;    1;    1;    1;    1;    1;    0;    0;    4
   16;   10;   11;35179;   30;35227;    5;    1;    1;    1;    1;    1;    1;    1;    0;    0;    4
   16;   11;   11;35182;   30;35227;    5;    1;    1;    1;    1;    1;    1;    1;    0;    0;    4
   17;    1;   12;35152;   33;35228;    7;    1;    1;    1;    1;    1;    1;    1;    0;    0;    0
   17;    2;   12;35155;   33;35228;    7;    1; 2400; 1639;  175; 2275;  102; 2766;11939;   69;    0
   17;    3;   12;35158;   33;35228;    7;    1; 3210; 2191;  272; 3104;  195; 3721;11714;   34;    0
   17;    4;   12;35161;   33;35228;    7;    1; 3672; 2518;  332; 3670;  230; 4257;11716;   34;    0
   17;    5;   12;35164;   33;35228;    7;    1; 3672; 2522;  357; 3736;  244; 4233;11683;   34;    0
   17;    6;   12;35167;   33;35228;    7;    1; 3207; 2221;  344; 3328;  248; 3698;11568;   34;    0
   17;    7;   12;35170;   33;35228;    7;    1; 2404; 1681;  284; 2556;  226; 2738;11394;   34;    0
   17;    8;   12;35173;   33;35228;    7;    1; 1518; 1074;  180; 1638;  124; 1690;11553;   69;    0
   17;    9;   12;35176;   33;35228;    7;    1;  776;  563;  134;  866;  102;  857;11027;   69;    4
   17;   10;   12;35179;   33;35228;    7;    1;    1;    1;    1;    1;    1;    1;    0;    0;    4
   17;   11;   12;35182;   33;35228;    7;    1;    1;    1;    1;    1;    1;    1;    0;    0;    4
   17;   12;   12;35185;   33;35228;    7;    1;    1;    1;    1;    1;    1;    1;    0;    0;    4
   17;    1;    2;36907;    1;    0;    0; 1024;    1;    1;    1;    1;    1;    1;    0;    0;    4
   17;    2;    2;36910;    1;    0;    0; 1024;    1;    1;    1;    1;    1;    1;    0;    0;    4
   16;    1;   11;36895;   30;36970;    5;    1;    1;    1;    1;    1;    1;    1;    0;    0;    4
   16;    2;   11;36898;   30;36970;    5;    1;    1;    1;    1;    1;    1;    1;    0;    0;    0
   16;    3;   11;36901;   30;36970;    5;    1; 3334; 2521;  247; 3058;  203; 3624;11670;    0;    0
   16;    4;   11;36904;   30;36970;    5;    1; 4325; 3259;  357; 4091;  285; 4732;11629;   34;    0
   16;    5;   11;36907;   30;36970;    5;    1; 4755; 3579;  383; 4683;  298; 5246;11704;   34;    0
   16;    6;   11;36910;   30;36970;    5;    1; 4434; 3337;  386; 4501;  294; 4902;11683;   34;    0
   16;    7;   11;36913;   30;36970;    5;    1; 3521; 2659;  357; 3688;  294; 3871;11503;   34;    0
   16;    8;   11;36916;   30;36970;    5;    1; 2294; 1742;  229; 2521;  164; 2547;11686;   34;    4
   16;    9;   11;36919;   30;36970;    5;    1;    1;    1;    1;    1;    1;    1;    0;    0;    4
   16;   10;   11;36922;   30;36970;    5;    1;    1;    1;    1;    1;    1;    1;    0;    0;    4
   16;   11;   11;36925;   30;36970;    5;    1;    1;    1;    1;    1;    1;    1;    0;    0;    4
   15;    1;    2;38386;    1;    0;    0; 1024;    1;    1;    1;    1;    1;    1;    0;    0;    4
   15;    2;    2;38389;    1;    0;    0; 1024;    1;    1;    1;    1;    1;    1;    0;    0;    4
   16;    1;   11;38377;   30;38452;    5;    1;    1;    1;    1;    1;    1;    1;    0;    0;    4
   16;    2;   11;38380;   30;38452;    5;    1;    1;    1;    1;    1;    1;    1;    0;    0;    0
   16;    3;   11;38383;   30;38452;    5;    1; 3355; 2484;  314; 3006;  142; 3674;11909;  104;    0
   16;    4;   11;38386;   30;38452;    5;    1; 4524; 3337;  505; 4203;  281; 5007;11664;  104;    0
   16;    5;   11;38389;   30;38452;    5;    1; 5162; 3807;  563; 4980;  311; 5740;11719;  104;    0
   16;    6;   11;38392;   30;38452;    5;    1; 5186; 3825;  550; 5125;  302; 5772;11763;  104;    0
   16;    7;   11;38395;   30;38452;    5;    1; 4568; 3364;  485; 4674;  289; 5131;11727;   69;    0
   16;    8;   11;38398;   30;38452;    5;    1; 3328; 2464;  331; 3575;  185; 3752;11853;   69;    4
   16;    9;   11;38401;   30;38452;    5;    1;    1;    1;    1;    1;    1;    1;    0;    0;    4
   16;   10;   11;38404;   30;38452;    5;    1;    1;    1;    1;    1;    1;    1;    0;    0;    4
   16;   11;   11;38407;   30;38452;    5;    1;    1;    1;    1;    1;    1;    1;    0;    0;    4
   15;    1;    2;38392;    1;    0;    0; 1024;    1;    1;    1;    1;    1;    1;    0;    0;    4
   15;    2;    2;38395;    1;    0;    0; 1024;    1;    1;    1;    1;    1;    1;    0;    0;    4
   15;    1;    2;39943;    1;    0;    0; 1024;    1;    1;    1;    1;    1;    1;    0;    0;    4
   15;    2;    2;39946;    1;    0;    0; 1024;    1;    1;    1;    1;    1;    1;    0;    0;    4
   16;    1;   15;39928;   42;40009;    9;    1;    1;    1;    1;    1;    1;    1;    0;    0;    4
   16;    2;   15;39931;   42;40009;    9;    1;    1;    1;    1;    1;    1;    1;    0;    0;    0
   16;    3;   15;39934;   42;40009;    9;    1; 3109; 2302;  219; 2836;  125; 3514;11949;   69;    0
   16;    4;   15;39937;   42;40009;    9;    1; 4201; 3108;  373; 3904;  246; 4778;11712;   69;    0
   16;    5;   15;39940;   42;40009;    9;    1; 4972; 3720;  556; 4786;  397; 5695;11463;   69;    0
   16;    6;   15;39943;   42;40009;    9;    1; 5435; 4102;  717; 5293;  523; 6185;11264;   69;    0
   16;    7;   15;39946;   42;40009;    9;    1; 5655; 4307;  836; 5563;  652; 6414;11034;   69;    0
   16;    8;   15;39949;   42;40009;    9;    1; 5608; 4282;  870; 5555;  678; 6354;10974;   69;    0
   16;    9;   15;39952;   42;40009;    9;    1; 5238; 3975;  772; 5238;  583; 5960;11108;   69;    0
   16;   10;   15;39955;   42;40009;    9;    1; 4333; 3279;  578; 4504;  415; 4984;11348;   69;    0
   16;   11;   15;39958;   42;40009;    9;    1; 3092; 2342;  383; 3274;  263; 3541;11495;   69;    0
   16;   12;   15;39961;   42;40009;    9;    1; 1882; 1432;  226; 2044;  134; 2135;11680;   69;    4
   16;   13;   15;39964;   42;40009;    9;    1;    1;    1;    1;    1;    1;    1;    0;    0;    4
   16;   14;   15;39967;   42;40009;    9;    1;    1;    1;    1;    1;    1;    1;    0;    0;    4
   16;   15;   15;39970;   42;40009;    9;    1;    1;    1;    1;    1;    1;    1;    0;    0;    4
   15;    1;    7;39949;    9;    0;    2; 1024;    1;    1;    1;    1;    1;    1;    0;    0;    0
   15;    2;    7;39952;    9;    0;    2; 1024; 1060;  780;  135; 1048;  108; 1201;11211;   34;    4
   15;    3;    7;39955;    9;    0;    2; 1024;    1;    1;    1;    1;    1;    1;    0;    0;    0
   15;    4;    7;39958;    9;    0;    2; 1024;  544;  435;  124;  562;  108;  585;10097;   69;    4
   15;    5;    7;39961;    9;    0;    2; 1024;    1;    1;    1;    1;    1;    1;    0;    0;    4
   15;    6;    7;39964;    9;    0;    2; 1024;    1;    1;    1;    1;    1;    1;    0;    0;    4
   15;    7;    7;39967;    9;    0;    2; 1024;    1;    1;    1;    1;    1;    1;    0;    0;    4
   16;    1;   11;46414;   30;46489;    6;    1; 1981; 1448;  151; 1765;  116; 2194;11678;   34;    0
   16;    2;   11;46417;   30;46489;    6;    1; 3104; 2275;  290; 2842;  255; 3404;11378;    0;    0
   16;    3;   11;46420;   30;46489;    6;    1; 4182; 3054;  472; 3940;  397; 4590;11240;   34;    0
   16;    4;   11;46423;   30;46489;    6;    1; 4804; 3491;  532; 4672;  449; 5351;11298;   34;    0
   16;    5;   11;46426;   30;46489;    6;    1; 4643; 3370;  541; 4650;  449; 5181;11293;   34;    0
   16;    6;   11;46429;   30;46489;    6;    1; 3741; 2741;  488; 3849;  410; 4137;11168;   34;    0
   16;    7;   11;46432;   30;46489;    6;    1; 2512; 1850;  327; 2661;  242; 2799;11363;   69;    0
   16;    8;   11;46435;   30;46489;    6;    1; 1398; 1034;  150; 1502;  116; 1557;11534;   34;    4
   16;    9;   11;46438;   30;46489;    6;    1;    1;    1;    1;    1;    1;    1;    0;    0;    4
   16;   10;   11;46441;   30;46489;    6;    1;    1;    1;    1;    1;    1;    1;    0;    0;    4
   16;   11;   11;46444;   30;46489;    6;    1;    1;    1;    1;    1;    1;    1;    0;    0;    4
   15;    1;    8;46417;   21;46487;    3;    1; 1231;  897;  124; 1109;  108; 1364;11282;    0;    0
   15;    2;    8;46420;   21;46487;    3;    1; 1600; 1167;  144; 1475;  108; 1806;11584;   34;    0
   15;    3;    8;46423;   21;46487;    3;    1; 1748; 1269;  145; 1667;  127; 1974;11547;    0;    0
   15;    4;    8;46426;   21;46487;    3;    1; 1566; 1145;  158; 1538;  123; 1750;11500;   34;    0
   15;    5;    8;46429;   21;46487;    3;    1; 1168;  875;  151; 1186;  118; 1292;11256;   34;    4
   15;    6;    8;46432;   21;46487;    3;    1;    1;    1;    1;    1;    1;    1;    0;    0;    4
   15;    7;    8;46435;   21;46487;    3;    1;    1;    1;    1;    1;    1;    1;    0;    0;    4
   15;    8;    8;46438;   21;46487;    3;    1;    1;    1;    1;    1;    1;    1;    0;    0;    4
   17;    1;    2;47956;    1;    0;    0; 1024;    1;    1;    1;    1;    1;    1;    0;    0;    4
   17;    2;    2;47959;    1;    0;    0; 1024;    1;    1;    1;    1;    1;    1;    0;    0;    4
   16;    1;   12;47950;   33;48026;    6;    1;    1;    1;    1;    1;    1;    1;    0;    0;    4
   16;    2;   12;47953;   33;48026;    6;    1;    1;    1;    1;    1;    1;    1;    0;    0;    0
   16;    3;   12;47956;   33;48026;    6;    1; 3906; 2847;  223; 3478;  134; 4357;12018;   34;    0
   16;    4;   12;47959;   33;48026;    6;    1; 5017; 3676;  404; 4638;  306; 5621;11675;   34;    0
   16;    5;   12;47962;   33;48026;    6;    1; 5540; 4125;  525; 5277;  371; 6180;11621;   34;    0
   16;    6;   12;47965;   33;48026;    6;    1; 5574; 4193;  540; 5395;  371; 6221;11640;   69;    0
   16;    7;   12;47968;   33;48026;    6;    1; 5052; 3821;  503; 5023;  345; 5662;11641;   69;    0
   16;    8;   12;47971;   33;48026;    6;    1; 3870; 2942;  385; 4008;  263; 4329;11679;   34;    0
   16;    9;   12;47974;   33;48026;    6;    1; 2544; 1945;  202; 2657;  116; 2826;11954;   69;    4
   16;   10;   12;47977;   33;48026;    6;    1;    1;    1;    1;    1;    1;    1;    0;    0;    4
   16;   11;   12;47980;   33;48026;    6;    1;    1;    1;    1;    1;    1;    1;    0;    0;    4
   16;   12;   12;47983;   33;48026;    6;    1;    1;    1;    1;    1;    1;    1;    0;    0;    4
   15;    1;   12;47953;   33;48029;    6;    1;    1;    1;    1;    1;    1;    1;    0;    0;    4
   15;    2;   12;47956;   33;48029;    6;    1;    1;    1;    1;    1;    1;    1;    0;    0;    0
   15;    3;   12;47959;   33;48029;    6;    1; 3251; 2346;  228; 2926;  170; 3588;11773;   34;    0
   15;    4;   12;47962;   33;48029;    6;    1; 3955; 2882;  342; 3747;  231; 4357;11729;   34;    0
   15;    5;   12;47965;   33;48029;    6;    1; 4176; 3083;  373; 4067;  255; 4601;11716;   34;    0
   15;    6;   12;47968;   33;48029;    6;    1; 3893; 2899;  384; 3887;  255; 4306;11679;   69;    0
   15;    7;   12;47971;   33;48029;    6;    1; 3010; 2268;  339; 3119;  246; 3334;11514;   34;    0
   15;    8;   12;47974;   33;48029;    6;    1; 1926; 1490;  225; 1995;  118; 2086;11760;  104;    0
   15;    9;   12;47977;   33;48029;    6;    1; 1042;  840;  160; 1090;  108; 1114;11261;  104;    4
   15;   10;   12;47980;   33;48029;    6;    1;    1;    1;    1;    1;    1;    1;    0;    0;    4
   15;   11;   12;47983;   33;48029;    6;    1;    1;    1;    1;    1;    1;    1;    0;    0;    4
   15;   12;   12;47986;   33;48029;    6;    1;    1;    1;    1;    1;    1;    1;    0;    0;    0
   17;    1;    5;47962;    6;    0;    0; 1024;    1;    1;    1;    1;    1;    1;    0;    0;    4
   17;    2;    5;47965;    6;    0;    0; 1024;    1;    1;    1;    1;    1;    1;    0;    0;    4
   17;    3;    5;47968;    6;    0;    0; 1024;    1;    1;    1;    1;    1;    1;    0;    0;    4
   17;    4;    5;47971;    6;    0;    0; 1024;    1;    1;    1;    1;    1;    1;    0;    0;    4
   17;    5;    5;47974;    6;    0;    0; 1024;    1;    1;    1;    1;    1;    1;    0;    0;    4
   17;    1;   12;49321;   33;49397;    7;    1;    1;    1;    1;    1;    1;    1;    0;    0;    0
   17;    2;   12;49324;   33;49397;    7;    1; 1858; 1357;  180; 1779;  128; 2105;11600;   34;    0
   17;    3;   12;49327;   33;49397;    7;    1; 2653; 1934;  315; 2605;  261; 3004;11247;   34;    0
   17;    4;   12;49330;   33;49397;    7;    1; 3380; 2442;  442; 3387;  364; 3833;11156;   34;    0
   17;    5;   12;49333;   33;49397;    7;    1; 3809; 2733;  499; 3893;  399; 4331;11218;   34;    0
   17;    6;   12;49336;   33;49397;    7;    1; 3928; 2797;  515; 4064;  421; 4466;11205;   34;    0
   17;    7;   12;49339;   33;49397;    7;    1; 3802; 2687;  477; 3950;  386; 4345;11278;   34;    0
   17;    8;   12;49342;   33;49397;    7;    1; 3487; 2431;  362; 3617;  257; 4005;11611;   34;    0
   17;    9;   12;49345;   33;49397;    7;    1; 3067; 2124;  229; 3175;  146; 3558;11925;   34;    4
   17;   10;   12;49348;   33;49397;    7;    1;    1;    1;    1;    1;    1;    1;    0;    0;    4
   17;   11;   12;49351;   33;49397;    7;    1;    1;    1;    1;    1;    1;    1;    0;    0;    4
   17;   12;   12;49354;   33;49397;    7;    1;    1;    1;    1;    1;    1;    1;    0;    0;    4
   16;    1;    9;49327;   24;49399;    3;    1;    1;    1;    1;    1;    1;    1;    0;    0;    4
   16;    2;    9;49330;   24;49399;    3;    1;    1;    1;    1;    1;    1;    1;    0;    0;    0
   16;    3;    9;49333;   24;49399;    3;    1; 2386; 1641;  194; 2432;  121; 2886;11878;   34;    0
   16;    4;    9;49336;   24;49399;    3;    1; 2624; 1807;  204; 2723;  116; 3188;11967;   69;    0
   16;    5;    9;49339;   24;49399;    3;    1; 2719; 1877;  197; 2827;  116; 3303;11987;   34;    0
   16;    6;    9;49342;   24;49399;    3;    1; 2666; 1847;  182; 2789;  112; 3211;11998;   34;    4
   16;    7;    9;49345;   24;49399;    3;    1;    1;    1;    1;    1;    1;    1;    0;    0;    4
   16;    8;    9;49348;   24;49399;    3;    1;    1;    1;    1;    1;    1;    1;    0;    0;    4
   16;    9;    9;49351;   24;49399;    3;    1;    1;    1;    1;    1;    1;    1;    0;    0;    4
   16;    1;    2;53404;    1;    0;    0; 1024;    1;    1;    1;    1;    1;    1;    0;    0;    4
   16;    2;    2;53407;    1;    0;    0; 1024;    1;    1;    1;    1;    1;    1;    0;    0;    4
   17;    1;   12;53398;   33;53474;    6;    1;    1;    1;    1;    1;    1;    1;    0;    0;    4
   17;    2;   12;53401;   33;53474;    6;    1;    1;    1;    1;    1;    1;    1;    0;    0;    0
   17;    3;   12;53404;   33;53474;    6;    1; 3104; 2326;  214; 2828;  115; 3414;11991;   69;    0
   17;    4;   12;53407;   33;53474;    6;    1; 4162; 3138;  360; 3934;  261; 4620;11670;   34;    0
   17;    5;   12;53410;   33;53474;    6;    1; 4780; 3594;  420; 4646;  301; 5281;11690;   34;    0
   17;    6;   12;53413;   33;53474;    6;    1; 4820; 3613;  427; 4761;  293; 5337;11730;   34;    0
   17;    7;   12;53416;   33;53474;    6;    1; 4359; 3252;  405; 4384;  284; 4825;11690;   34;    0
   17;    8;   12;53419;   33;53474;    6;    1; 3397; 2502;  330; 3518;  257; 3782;11586;   34;    0
   17;    9;   12;53422;   33;53474;    6;    1; 2249; 1639;  182; 2344;  115; 2487;11886;   34;    4
   17;   10;   12;53425;   33;53474;    6;    1;    1;    1;    1;    1;    1;    1;    0;    0;    4
   17;   11;   12;53428;   33;53474;    6;    1;    1;    1;    1;    1;    1;    1;    0;    0;    4
   17;   12;   12;53431;   33;53474;    6;    1;    1;    1;    1;    1;    1;    1;    0;    0;    4
   16;    1;    8;53410;   21;53480;    3;    1;    1;    1;    1;    1;    1;    1;    0;    0;    0
   16;    2;    8;53413;   21;53480;    3;    1; 3251; 2353;  180; 3185;  108; 3775;12076;   34;    0
   16;    3;    8;53416;   21;53480;    3;    1; 3175; 2300;  190; 3188;  112; 3688;12060;   34;    0
   16;    4;    8;53419;   21;53480;    3;    1; 2676; 1947;  176; 2756;  116; 3106;11973;   34;    0
   16;    5;    8;53422;   21;53480;    3;    1; 1950; 1437;  145; 2054;  103; 2217;11873;   34;    4
   16;    6;    8;53425;   21;53480;    3;    1;    1;    1;    1;    1;    1;    1;    0;    0;    4
   16;    7;    8;53428;   21;53480;    3;    1;    1;    1;    1;    1;    1;    1;    0;    0;    4
   16;    8;    8;53431;   21;53480;    3;    1;    1;    1;    1;    1;    1;    1;    0;    0;    4
   15;    1;   11;54196;   30;54271;    6;    1;    1;    1;    1;    1;    1;    1;    0;    0;    0
   15;    2;   11;54199;   30;54271;    6;    1; 1952; 1395;  162; 1805;  108; 2193;11752;   34;    0
   15;    3;   11;54202;   30;54271;    6;    1; 2924; 2084;  272; 2775;  170; 3364;11734;   69;    0
   15;    4;   11;54205;   30;54271;    6;    1; 3792; 2679;  373; 3731;  241; 4397;11692;   69;    0
   15;    5;   11;54208;   30;54271;    6;    1; 4132; 2907;  391; 4202;  246; 4794;11768;   69;    0
   15;    6;   11;54211;   30;54271;    6;    1; 3870; 2706;  371; 4039;  231; 4509;11785;   69;    0
   15;    7;   11;54214;   30;54271;    6;    1; 3127; 2170;  317; 3331;  208; 3649;11719;   69;    0
   15;    8;   11;54217;   30;54271;    6;    1; 2113; 1470;  220; 2317;  137; 2397;11760;   69;    4
   15;    9;   11;54220;   30;54271;    6;    1;    1;    1;    1;    1;    1;    1;    0;    0;    4
   15;   10;   11;54223;   30;54271;    6;    1;    1;    1;    1;    1;    1;    1;    0;    0;    4
   15;   11;   11;54226;   30;54271;    6;    1;    1;    1;    1;    1;    1;    1;    0;    0;    4
   16;    1;   11;54199;   30;54274;    5;    1;    1;    1;    1;    1;    1;    1;    0;    0;    4
   16;    2;   11;54202;   30;54274;    5;    1;    1;    1;    1;    1;    1;    1;    0;    0;    0
   16;    3;   11;54205;   30;54274;    5;    1; 3826; 2732;  398; 3573;  289; 4265;11488;   34;    0
   16;    4;   11;54208;   30;54274;    5;    1; 4903; 3512;  631; 4777;  466; 5498;11280;   69;    0
   16;    5;   11;54211;   30;54274;    5;    1; 5425; 3919;  695; 5411;  492; 6093;11363;   69;    0
   16;    6;   11;54214;   30;54274;    5;    1; 5420; 3929;  700; 5521;  484; 6107;11404;   69;    0
   16;    7;   11;54217;   30;54274;    5;    1; 4827; 3478;  619; 5014;  441; 5493;11400;   69;    0
   16;    8;   11;54220;   30;54274;    5;    1; 3553; 2574;  401; 3818;  233; 4077;11737;   69;    4
   16;    9;   11;54223;   30;54274;    5;    1;    1;    1;    1;    1;    1;    1;    0;    0;    4
   16;   10;   11;54226;   30;54274;    5;    1;    1;    1;    1;    1;    1;    1;    0;    0;    4
   16;   11;   11;54229;   30;54274;    5;    1;    1;    1;    1;    1;    1;    1;    0;    0;    4
   16;    1;   11;55717;   30;55792;    6;    1;    1;    1;    1;    1;    1;    1;    0;    0;    0
   16;    2;   11;55720;   30;55792;    6;    1; 2061; 1416;  184; 1953;  116; 2382;11757;   69;    0
   16;    3;   11;55723;   30;55792;    6;    1; 3137; 2146;  376; 3072;  315; 3592;11218;   34;    0
   16;    4;   11;55726;   30;55792;    6;    1; 4026; 2740;  518; 4112;  428; 4659;11198;   34;    0
   16;    5;   11;55729;   30;55792;    6;    1; 4378; 2960;  534; 4655;  441; 5099;11315;   34;    0
   16;    6;   11;55732;   30;55792;    6;    1; 4157; 2798;  514; 4551;  402; 4865;11395;   34;    0
   16;    7;   11;55735;   30;55792;    6;    1; 3297; 2236;  408; 3764;  337; 3871;11380;   34;    0
   16;    8;   11;55738;   30;55792;    6;    1; 2190; 1498;  223; 2545;  125; 2570;11886;   69;    4
   16;    9;   11;55741;   30;55792;    6;    1;    1;    1;    1;    1;    1;    1;    0;    0;    4
   16;   10;   11;55744;   30;55792;    6;    1;    1;    1;    1;    1;    1;    1;    0;    0;    4
   16;   11;   11;55747;   30;55792;    6;    1;    1;    1;    1;    1;    1;    1;    0;    0;    4
   15;    1;    7;55720;   18;55789;    5;    1;    1;    1;    1;    1;    1;    1;    0;    0;    0
   15;    2;    7;55723;   18;55789;    5;    1; 1796; 1223;  202; 1734;  146; 2081;11447;   69;    0
   15;    3;    7;55726;   18;55789;    5;    1; 2396; 1638;  269; 2408;  208; 2789;11420;   34;    0
   15;    4;    7;55729;   18;55789;    5;    1; 2680; 1849;  296; 2801;  203; 3120;11594;   69;    0
   15;    5;    7;55732;   18;55789;    5;    1; 2476; 1732;  308; 2710;  203; 2880;11563;   69;    0
   15;    6;    7;55735;   18;55789;    5;    1; 1908; 1376;  269; 2131;  184; 2163;11420;   69;    0
   15;    7;    7;55738;   18;55789;    5;    1; 1215;  909;  189; 1386;  132; 1338;11309;   69;    0
   15;    1;    8;57247;   21;57317;    3;    1; 1146;  878;  178;  943;  118; 1267;10935;  138;    0
   15;    2;    8;57250;   21;57317;    3;    1; 1491; 1104;  194; 1304;  108; 1674;11464;  138;    0
   15;    3;    8;57253;   21;57317;    3;    1; 1632; 1192;  196; 1512;  108; 1857;11607;  104;    0
   15;    4;    8;57256;   21;57317;    3;    1; 1490; 1073;  165; 1474;  104; 1730;11618;   69;    0
   15;    5;    8;57259;   21;57317;    3;    1; 1143;  840;  138; 1220;  104; 1343;11434;   34;    4
   15;    6;    8;57262;   21;57317;    3;    1;    1;    1;    1;    1;    1;    1;    0;    0;    4
   15;    7;    8;57265;   21;57317;    3;    1;    1;    1;    1;    1;    1;    1;    0;    0;    4
   15;    8;    8;57268;   21;57317;    3;    1;    1;    1;    1;    1;    1;    1;    0;    0;    4
   16;    1;   12;57244;   33;57320;    7;    1;    1;    1;    1;    1;    1;    1;    0;    0;    0
   16;    2;   12;57247;   33;57320;    7;    1; 2799; 1920;  252; 2601;  177; 3243;11649;   34;    0
   16;    3;   12;57250;   33;57320;    7;    1; 3812; 2605;  411; 3648;  337; 4457;11345;   34;    0
   16;    4;   12;57253;   33;57320;    7;    1; 4460; 3050;  508; 4425;  397; 5227;11378;   34;    0
   16;    5;   12;57256;   33;57320;    7;    1; 4716; 3227;  534; 4739;  410; 5539;11418;   34;    0
   16;    6;   12;57259;   33;57320;    7;    1; 4588; 3159;  500; 4651;  384; 5397;11467;   34;    0
   16;    7;   12;57262;   33;57320;    7;    1; 4020; 2804;  372; 4148;  255; 4778;11731;   34;    0
   16;    8;   12;57265;   33;57320;    7;    1; 3123; 2210;  224; 3262;  159; 3706;11890;   34;    0
   16;    9;   12;57268;   33;57320;    7;    1; 2114; 1526;  157; 2237;  103; 2492;11924;   34;    4
   16;   10;   12;57271;   33;57320;    7;    1;    1;    1;    1;    1;    1;    1;    0;    0;    4
   16;   11;   12;57274;   33;57320;    7;    1;    1;    1;    1;    1;    1;    1;    0;    0;    4
   16;   12;   12;57277;   33;57320;    7;    1;    1;    1;    1;    1;    1;    1;    0;    0;    4
   16;    1;   11;58762;   30;58837;    6;    1;    1;    1;    1;    1;    1;    1;    0;    0;    0
   16;    2;   11;58765;   30;58837;    6;    1; 2726; 1924;  210; 2597;  103; 3083;12004;   69;    0
   16;    3;   11;58768;   30;58837;    6;    1; 3907; 2782;  404; 3792;  294; 4412;11530;   34;    0
   16;    4;   11;58771;   30;58837;    6;    1; 4766; 3413;  595; 4824;  423; 5406;11403;   69;    0
   16;    5;   11;58774;   30;58837;    6;    1; 4984; 3600;  641; 5160;  462; 5621;11380;   69;    0
   16;    6;   11;58777;   30;58837;    6;    1; 4652; 3362;  629; 4901;  453; 5268;11344;   69;    0
   16;    7;   11;58780;   30;58837;    6;    1; 3778; 2722;  534; 4094;  397; 4270;11287;   69;    0
   16;    8;   11;58783;   30;58837;    6;    1; 2529; 1836;  316; 2811;  203; 2840;11597;   69;    4
   16;    9;   11;58786;   30;58837;    6;    1;    1;    1;    1;    1;    1;    1;    0;    0;    4
   16;   10;   11;58789;   30;58837;    6;    1;    1;    1;    1;    1;    1;    1;    0;    0;    4
   16;   11;   11;58792;   30;58837;    6;    1;    1;    1;    1;    1;    1;    1;    0;    0;    4
   17;    1;    9;58768;   24;58840;    4;    1;    1;    1;    1;    1;    1;    1;    0;    0;    0
   17;    2;    9;58771;   24;58840;    4;    1; 1743; 1211;  157; 1678;  106; 2007;11710;   34;    0
   17;    3;    9;58774;   24;58840;    4;    1; 2127; 1489;  180; 2115;  119; 2449;11796;   34;    0
   17;    4;    9;58777;   24;58840;    4;    1; 2213; 1568;  195; 2258;  124; 2543;11813;   34;    0
   17;    5;    9;58780;   24;58840;    4;    1; 1962; 1407;  190; 2066;  128; 2244;11725;   34;    0
   17;    6;    9;58783;   24;58840;    4;    1; 1464; 1069;  160; 1592;  119; 1653;11565;   34;    4
   17;    7;    9;58786;   24;58840;    4;    1;    1;    1;    1;    1;    1;    1;    0;    0;    4
   17;    8;    9;58789;   24;58840;    4;    1;    1;    1;    1;    1;    1;    1;    0;    0;    4
   17;    9;    9;58792;   24;58840;    4;    1;    1;    1;    1;    1;    1;    1;    0;    0;    4
   16;    1;   11;63880;   30;63955;    5;    1;    1;    1;    1;    1;    1;    1;    0;    0;    4
   16;    2;   11;63883;   30;63955;    5;    1;    1;    1;    1;    1;    1;    1;    0;    0;    0
   16;    3;   11;63886;   30;63955;    5;    1; 3815; 2739;  218; 3536;  142; 4297;11998;   34;    0
   16;    4;   11;63889;   30;63955;    5;    1; 4763; 3424;  336; 4586;  220; 5374;11900;   34;    0
   16;    5;   11;63892;   30;63955;    5;    1; 5173; 3743;  368; 5092;  246; 5832;11896;   34;    0
   16;    6;   11;63895;   30;63955;    5;    1; 5134; 3739;  386; 5113;  259; 5791;11866;   34;    0
   16;    7;   11;63898;   30;63955;    5;    1; 4550; 3319;  352; 4630;  255; 5186;11811;   34;    0
   16;    8;   11;63901;   30;63955;    5;    1; 3404; 2513;  244; 3561;  142; 3844;12001;   34;    4
   16;    9;   11;63904;   30;63955;    5;    1;    1;    1;    1;    1;    1;    1;    0;    0;    4
   16;   10;   11;63907;   30;63955;    5;    1;    1;    1;    1;    1;    1;    1;    0;    0;    4
   16;   11;   11;63910;   30;63955;    5;    1;    1;    1;    1;    1;    1;    1;    0;    0;    4
   17;    1;    9;63883;   24;63955;    3;    1;    1;    1;    1;    1;    1;    1;    0;    0;    4
   17;    2;    9;63886;   24;63955;    3;    1;    1;    1;    1;    1;    1;    1;    0;    0;    0
   17;    3;    9;63889;   24;63955;    3;    1; 3238; 2296;  212; 3104;  133; 3712;11964;   34;    0
   17;    4;    9;63892;   24;63955;    3;    1; 3595; 2554;  222; 3495;  142; 4084;11992;   34;    0
   17;    5;    9;63895;   24;63955;    3;    1; 3452; 2489;  227; 3429;  146; 3940;11967;   34;    0
   17;    6;    9;63898;   24;63955;    3;    1; 2879; 2087;  207; 2936;  142; 3292;11895;   34;    4
   17;    7;    9;63901;   24;63955;    3;    1;    1;    1;    1;    1;    1;    1;    0;    0;    4
   17;    8;    9;63904;   24;63955;    3;    1;    1;    1;    1;    1;    1;    1;    0;    0;    4
   17;    9;    9;63907;   24;63955;    3;    1;    1;    1;    1;    1;    1;    1;    0;    0;    4
   16;    1;   12;   24;   33;  100;    6;    1;    1;    1;    1;    1;    1;    1;    0;    0;    4
   16;    2;   12;   27;   33;  100;    6;    1;    1;    1;    1;    1;    1;    1;    0;    0;    0
   16;    3;   12;   30;   33;  100;    6;    1; 2979; 2125;  249; 2891;  142; 3372;11886;   69;    0
   16;    4;   12;   33;   33;  100;    6;    1; 4051; 2876;  401; 4040;  285; 4595;11618;   34;    0
   16;    5;   12;   36;   33;  100;    6;    1; 4730; 3362;  496; 4908;  345; 5420;11621;   34;    0
   16;    6;   12;   39;   33;  100;    6;    1; 5029; 3577;  527; 5304;  367; 5795;11635;   34;    0
   16;    7;   12;   42;   33;  100;    6;    1; 5009; 3542;  532; 5318;  363; 5782;11646;   69;    0
   16;    8;   12;   45;   33;  100;    6;    1; 4612; 3247;  453; 4956;  294; 5360;11758;   69;    0
   16;    9;   12;   48;   33;  100;    6;    1; 3891; 2745;  294; 4226;  159; 4540;12029;   34;    4
   16;   10;   12;   51;   33;  100;    6;    1;    1;    1;    1;    1;    1;    1;    0;    0;    4
   16;   11;   12;   54;   33;  100;    6;    1;    1;    1;    1;    1;    1;    1;    0;    0;    4
   16;   12;   12;   57;   33;  100;    6;    1;    1;    1;    1;    1;    1;    1;    0;    0;    4
   15;    1;    2;   36;    1;    0;    0; 1024;    1;    1;    1;    1;    1;    1;    0;    0;    4
   15;    2;    2;   39;    1;    0;    0; 1024;    1;    1;    1;    1;    1;    1;    0;    0;    4
   15;    1;    2;   42;    1;    0;    0; 1024;    1;    1;    1;    1;    1;    1;    0;    0;    4
   15;    2;    2;   45;    1;    0;    0; 1024;    1;    1;    1;    1;    1;    1;    0;    0;    4
   15;    1;    2;   48;    1;    0;    0; 1024;    1;    1;    1;    1;    1;    1;    0;    0;    4
   15;    2;    2;   51;    1;    0;    0; 1024;    1;    1;    1;    1;    1;    1;    0;    0;    4
   15;    1;    2; 1632;    1;    0;    0; 1024;    1;    1;    1;    1;    1;    1;    0;    0;    4
   15;    2;    2; 1635;    1;    0;    0; 1024;    1;    1;    1;    1;    1;    1;    0;    0;    4
   16;    1;   11; 1626;   30; 1701;    5;    1;    1;    1;    1;    1;    1;    1;    0;    0;    4
   16;    2;   11; 1629;   30; 1701;    5;    1;    1;    1;    1;    1;    1;    1;    0;    0;    0
   16;    3;   11; 1632;   30; 1701;    5;    1; 3891; 2698;  334; 3647;  272; 4485;11567;   34;    0
   16;    4;   11; 1635;   30; 1701;    5;    1; 4722; 3311;  535; 4657;  428; 5424;11351;   34;    0
   16;    5;   11; 1638;   30; 1701;    5;    1; 4984; 3536;  569; 5006;  441; 5717;11398;   34;    0
   16;    6;   11; 1641;   30; 1701;    5;    1; 4805; 3407;  558; 4897;  423; 5511;11420;   34;    0
   16;    7;   11; 1644;   30; 1701;    5;    1; 4003; 2845;  466; 4222;  389; 4654;11348;   34;    0
   16;    8;   11; 1647;   30; 1701;    5;    1; 2749; 1949;  275; 2992;  155; 3165;11852;   69;    4
   16;    9;   11; 1650;   30; 1701;    5;    1;    1;    1;    1;    1;    1;    1;    0;    0;    4
   16;   10;   11; 1653;   30; 1701;    5;    1;    1;    1;    1;    1;    1;    1;    0;    0;    4
   16;   11;   11; 1656;   30; 1701;    5;    1;    1;    1;    1;    1;    1;    1;    0;    0;    4
   17;    1;    2; 1635;    1;    0;    0; 1024;    1;    1;    1;    1;    1;    1;    0;    0;    4
   17;    2;    2; 1638;    1;    0;    0; 1024;    1;    1;    1;    1;    1;    1;    0;    0;    4
   15;    1;    6; 1638;    7;    0;    1; 1024;    1;    1;    1;    1;    1;    1;    0;    0;    4
   15;    2;    6; 1641;    7;    0;    1; 1024;    1;    1;    1;    1;    1;    1;    0;    0;    0
   15;    3;    6; 1644;    7;    0;    1; 1024; 1290;  903;  136; 1327;  104; 1496;11520;   34;    4
   15;    4;    6; 1647;    7;    0;    1; 1024;    1;    1;    1;    1;    1;    1;    0;    0;    4
   15;    5;    6; 1650;    7;    0;    1; 1024;    1;    1;    1;    1;    1;    1;    0;    0;    4
   15;    6;    6; 1653;    7;    0;    1; 1024;    1;    1;    1;    1;    1;    1;    0;    0;    4
   17;    1;   11; 3351;   30; 3426;    6;    1;    1;    1;    1;    1;    1;    1;    0;    0;    0
   17;    2;   11; 3354;   30; 3426;    6;    1; 2492; 1880;  187; 2271;  106; 2789;11916;   69;    0
   17;    3;   11; 3357;   30; 3426;    6;    1; 3607; 2703;  354; 3361;  253; 3991;11559;   34;    0
   17;    4;   11; 3360;   30; 3426;    6;    1; 4433; 3316;  487; 4288;  341; 4941;11505;   69;    0
   17;    5;   11; 3363;   30; 3426;    6;    1; 4721; 3544;  510; 4670;  355; 5249;11549;   69;    0
   17;    6;   11; 3366;   30; 3426;    6;    1; 4478; 3360;  489; 4513;  355; 4993;11516;   34;    0
   17;    7;   11; 3369;   30; 3426;    6;    1; 3750; 2798;  405; 3859;  297; 4201;11537;   34;    0
   17;    8;   11; 3372;   30; 3426;    6;    1; 2677; 2007;  247; 2814;  137; 3018;11891;   69;    4
   17;    9;   11; 3375;   30; 3426;    6;    1;    1;    1;    1;    1;    1;    1;    0;    0;    4
   17;   10;   11; 3378;   30; 3426;    6;    1;    1;    1;    1;    1;    1;    1;    0;    0;    4
   17;   11;   11; 3381;   30; 3426;    6;    1;    1;    1;    1;    1;    1;    1;    0;    0;    4
   16;    1;   13; 3354;   36; 3432;    7;    1;    1;    1;    1;    1;    1;    1;    0;    0;    4
   16;    2;   13; 3357;   36; 3432;    7;    1;    1;    1;    1;    1;    1;    1;    0;    0;    0
   16;    3;   13; 3360;   36; 3432;    7;    1; 3118; 2246;  212; 2914;  134; 3637;11925;   34;    0
   16;    4;   13; 3363;   36; 3432;    7;    1; 3911; 2829;  247; 3758;  147; 4558;12011;   34;    0
   16;    5;   13; 3366;   36; 3432;    7;    1; 4478; 3247;  273; 4376;  168; 5218;12020;   34;    0
   16;    6;   13; 3369;   36; 3432;    7;    1; 4678; 3401;  287; 4666;  177; 5475;12025;   34;    0
   16;    7;   13; 3372;   36; 3432;    7;    1; 4403; 3189;  268; 4487;  142; 5145;12104;   34;    0
   16;    8;   13; 3375;   36; 3432;    7;    1; 3618; 2628;  211; 3792;  116; 4196;12117;   34;    0
   16;    9;   13; 3378;   36; 3432;    7;    1; 2595; 1902;  179; 2770;  112; 2982;11994;   34;    0
   16;   10;   13; 3381;   36; 3432;    7;    1; 1565; 1171;  145; 1733;  108; 1786;11721;   34;    4
   16;   11;   13; 3384;   36; 3432;    7;    1;    1;    1;    1;    1;    1;    1;    0;    0;    4
   16;   12;   13; 3387;   36; 3432;    7;    1;    1;    1;    1;    1;    1;    1;    0;    0;    4
   16;   13;   13; 3390;   36; 3432;    7;    1;    1;    1;    1;    1;    1;    1;    0;    0;    4
   16;    1;   11; 7914;   30; 7989;    5;    1;    1;    1;    1;    1;    1;    1;    0;    0;    4
   16;    2;   11; 7917;   30; 7989;    5;    1;    1;    1;    1;    1;    1;    1;    0;    0;    0
   16;    3;   11; 7920;   30; 7989;    5;    1; 3657; 2632;  241; 3510;  147; 4118;11976;   34;    0
   16;    4;   11; 7923;   30; 7989;    5;    1; 4812; 3493;  433; 4754;  337; 5424;11613;   34;    0
   16;    5;   11; 7926;   30; 7989;    5;    1; 5356; 3925;  540; 5476;  393; 6038;11602;   34;    0
   16;    6;   11; 7929;   30; 7989;    5;    1; 5362; 3927;  541; 5550;  389; 6043;11623;   34;    0
   16;    7;   11; 7932;   30; 7989;    5;    1; 4964; 3598;  494; 5186;  371; 5640;11605;   34;    0
   16;    8;   11; 7935;   30; 7989;    5;    1; 4045; 2880;  370; 4343;  263; 4659;11743;   34;    4
   16;    9;   11; 7938;   30; 7989;    5;    1;    1;    1;    1;    1;    1;    1;    0;    0;    4
   16;   10;   11; 7941;   30; 7989;    5;    1;    1;    1;    1;    1;    1;    1;    0;    0;    4
   16;   11;   11; 7944;   30; 7989;    5;    1;    1;    1;    1;    1;    1;    1;    0;    0;    4
   15;    1;   10; 7917;   27; 7990;    4;    1;    1;    1;    1;    1;    1;    1;    0;    0;    4
   15;    2;   10; 7920;   27; 7990;    4;    1;    1;    1;    1;    1;    1;    1;    0;    0;    0
   15;    3;   10; 7923;   27; 7990;    4;    1; 2495; 1756;  190; 2439;  132; 2840;11823;   34;    0
   15;    4;   10; 7926;   27; 7990;    4;    1; 2842; 2023;  218; 2882;  141; 3262;11888;   34;    0
   15;    5;   10; 7929;   27; 7990;    4;    1; 2876; 2049;  218; 2970;  127; 3298;11965;   34;    0
   15;    6;   10; 7932;   27; 7990;    4;    1; 2572; 1846;  209; 2714;  137; 2972;11869;   34;    0
   15;    7;   10; 7935;   27; 7990;    4;    1; 1987; 1429;  178; 2137;  123; 2254;11780;   34;    4
   15;    8;   10; 7938;   27; 7990;    4;    1;    1;    1;    1;    1;    1;    1;    0;    0;    4
   15;    9;   10; 7941;   27; 7990;    4;    1;    1;    1;    1;    1;    1;    1;    0;    0;    4
   15;   10;   10; 7944;   27; 7990;    4;    1;    1;    1;    1;    1;    1;    1;    0;    0;    4
   15;    1;    2; 9645;    1;    0;    0; 1024;    1;    1;    1;    1;    1;    1;    0;    0;    4
   15;    2;    2; 9648;    1;    0;    0; 1024;    1;    1;    1;    1;    1;    1;    0;    0;    4
   16;    1;   12; 9633;   33; 9709;    7;    1;    1;    1;    1;    1;    1;    1;    0;    0;    0
   16;    2;   12; 9636;   33; 9709;    7;    1; 1939; 1368;  187; 1770;  129; 2167;11588;   69;    0
   16;    3;   12; 9639;   33; 9709;    7;    1; 2890; 2029;  320; 2677;  246; 3198;11351;   34;    0
   16;    4;   12; 9642;   33; 9709;    7;    1; 3787; 2638;  461; 3587;  380; 4224;11175;   34;    0
   16;    5;   12; 9645;   33; 9709;    7;    1; 4344; 3011;  519; 4224;  402; 4884;11310;   34;    0
   16;    6;   12; 9648;   33; 9709;    7;    1; 4487; 3099;  524; 4433;  389; 5062;11403;   69;    0
   16;    7;   12; 9651;   33; 9709;    7;    1; 4192; 2882;  454; 4215;  337; 4774;11500;   34;    0
   16;    8;   12; 9654;   33; 9709;    7;    1; 3431; 2341;  320; 3536;  224; 3940;11708;   34;    0
   16;    9;   12; 9657;   33; 9709;    7;    1; 2479; 1699;  187; 2572;  116; 2817;11936;   34;    4
   16;   10;   12; 9660;   33; 9709;    7;    1;    1;    1;    1;    1;    1;    1;    0;    0;    4
   16;   11;   12; 9663;   33; 9709;    7;    1;    1;    1;    1;    1;    1;    1;    0;    0;    4
   16;   12;   12; 9666;   33; 9709;    7;    1;    1;    1;    1;    1;    1;    1;    0;    0;    4
   17;    1;    7; 9642;   18; 9711;    2;    1; 1366;  940;  135; 1298;  106; 1569;11479;   34;    0
   17;    2;    7; 9645;   18; 9711;    2;    1; 1523; 1038;  149; 1483;  119; 1760;11496;   34;    0
   17;    3;    7; 9648;   18; 9711;    2;    1; 1430;  985;  145; 1431;  115; 1639;11495;   34;    0
   17;    4;    7; 9651;   18; 9711;    2;    1; 1137;  795;  134; 1170;  102; 1290;11410;   34;    4
   17;    5;    7; 9654;   18; 9711;    2;    1;    1;    1;    1;    1;    1;    1;    0;    0;    4
   17;    6;    7; 9657;   18; 9711;    2;    1;    1;    1;    1;    1;    1;    1;    0;    0;    4
   17;    7;    7; 9660;   18; 9711;    2;    1;    1;    1;    1;    1;    1;    1;    0;    0;    4
   15;    1;    2; 9651;    1;    0;    0; 1024;    1;    1;    1;    1;    1;    1;    0;    0;    4
   15;    2;    2; 9654;    1;    0;    0; 1024;    1;    1;    1;    1;    1;    1;    0;    0;    4
   16;    1;   13;11190;   36;11268;    7;    1;    1;    1;    1;    1;    1;    1;    0;    0;    4
   16;    2;   13;11193;   36;11268;    7;    1;    1;    1;    1;    1;    1;    1;    0;    0;    0
   16;    3;   13;11196;   36;11268;    7;    1; 2983; 2158;  295; 2813;  190; 3298;11655;   69;    0
   16;    4;   13;11199;   36;11268;    7;    1; 4104; 2989;  519; 3983;  389; 4549;11279;   69;    0
   16;    5;   13;11202;   36;11268;    7;    1; 4918; 3585;  662; 4922;  479; 5475;11283;   69;    0
   16;    6;   13;11205;   36;11268;    7;    1; 5363; 3903;  717; 5458;  501; 5974;11352;   69;    0
   16;    7;   13;11208;   36;11268;    7;    1; 5422; 3938;  703; 5590;  475; 6052;11437;   69;    0
   16;    8;   13;11211;   36;11268;    7;    1; 4994; 3624;  590; 5256;  376; 5653;11605;   69;    0
   16;    9;   13;11214;   36;11268;    7;    1; 4092; 2954;  378; 4411;  181; 4682;11987;   69;    0
   16;   10;   13;11217;   36;11268;    7;    1; 2999; 2158;  226; 3252;  103; 3399;12104;   69;    4
   16;   11;   13;11220;   36;11268;    7;    1;    1;    1;    1;    1;    1;    1;    0;    0;    4
   16;   12;   13;11223;   36;11268;    7;    1;    1;    1;    1;    1;    1;    1;    0;    0;    4
   16;   13;   13;11226;   36;11268;    7;    1;    1;    1;    1;    1;    1;    1;    0;    0;    4
   17;    1;   10;11193;   27;11266;    5;    1;    1;    1;    1;    1;    1;    1;    0;    0;    0
   17;    2;   10;11196;   27;11266;    5;    1; 2340; 1717;  202; 2245;  137; 2659;11737;   34;    0
   17;    3;   10;11199;   27;11266;    5;    1; 2828; 2048;  247; 2762;  173; 3237;11717;   34;    0
   17;    4;   10;11202;   27;11266;    5;    1; 2957; 2128;  259; 2949;  164; 3390;11804;   69;    0
   17;    5;   10;11205;   27;11266;    5;    1; 2755; 1977;  244; 2798;  173; 3153;11727;   34;    0
   17;    6;   10;11208;   27;11266;    5;    1; 2283; 1635;  212; 2364;  150; 2617;11706;   34;    0
   17;    7;   10;11211;   27;11266;    5;    1; 1653; 1191;  152; 1744;  106; 1886;11740;   34;    4
   17;    8;   10;11214;   27;11266;    5;    1;    1;    1;    1;    1;    1;    1;    0;    0;    4
   17;    9;   10;11217;   27;11266;    5;    1;    1;    1;    1;    1;    1;    1;    0;    0;    4
   17;   10;   10;11220;   27;11266;    5;    1;    1;    1;    1;    1;    1;    1;    0;    0;    4
   15;    1;    2;12732;    1;    0;    0; 1024;    1;    1;    1;    1;    1;    1;    0;    0;    4
   15;    2;    2;12735;    1;    0;    0; 1024;    1;    1;    1;    1;    1;    1;    0;    0;    4
   15;    1;    2;12744;    1;    0;    0; 1024;    1;    1;    1;    1;    1;    1;    0;    0;    4
   15;    2;    2;12747;    1;    0;    0; 1024;    1;    1;    1;    1;    1;    1;    0;    0;    4
   16;    1;   11;12735;   30;12810;    5;    1;    1;    1;    1;    1;    1;    1;    0;    0;    4
   16;    2;   11;12738;   30;12810;    5;    1;    1;    1;    1;    1;    1;    1;    0;    0;    0
   16;    3;   11;12741;   30;12810;    5;    1; 3383; 2422;  247; 3146;  181; 3830;11780;   34;    0
   16;    4;   11;12744;   30;12810;    5;    1; 4430; 3212;  415; 4313;  319; 5062;11575;   34;    0
   16;    5;   11;12747;   30;12810;    5;    1; 4960; 3630;  461; 4943;  324; 5681;11680;   34;    0
   16;    6;   11;12750;   30;12810;    5;    1; 4873; 3594;  448; 4955;  311; 5621;11715;   34;    0
   16;    7;   11;12753;   30;12810;    5;    1; 3998; 2972;  368; 4239;  276; 4664;11686;   34;    0
   16;    8;   11;12756;   30;12810;    5;    1; 2685; 2013;  220; 2876;  112; 3092;12013;   69;    4
   16;    9;   11;12759;   30;12810;    5;    1;    1;    1;    1;    1;    1;    1;    0;    0;    4
   16;   10;   11;12762;   30;12810;    5;    1;    1;    1;    1;    1;    1;    1;    0;    0;    4
   16;   11;   11;12765;   30;12810;    5;    1;    1;    1;    1;    1;    1;    1;    0;    0;    4
   15;    1;    2;12738;    1;    0;    0; 1024;    1;    1;    1;    1;    1;    1;    0;    0;    4
   15;    2;    2;12741;    1;    0;    0; 1024;    1;    1;    1;    1;    1;    1;    0;    0;    4
   15;    1;    2;12750;    1;    0;    0; 1024;    1;    1;    1;    1;    1;    1;    0;    0;    4
   15;    2;    2;12753;    1;    0;    0; 1024;    1;    1;    1;    1;    1;    1;    0;    0;    4
   15;    1;    2;12756;    1;    0;    0; 1024;    1;    1;    1;    1;    1;    1;    0;    0;    4
   15;    2;    2;12759;    1;    0;    0; 1024;    1;    1;    1;    1;    1;    1;    0;    0;    4
   16;    1;    2;16680;    1;    0;    0; 1024;    1;    1;    1;    1;    1;    1;    0;    0;    4
   16;    2;    2;16683;    1;    0;    0; 1024;    1;    1;    1;    1;    1;    1;    0;    0;    4
   16;    1;   10;16686;   27;16759;    5;    1;    1;    1;    1;    1;    1;    1;    0;    0;    0
   16;    2;   10;16689;   27;16759;    5;    1; 4304; 3208;  276; 3914;  159; 4838;11992;   34;    0
   16;    3;   10;16692;   27;16759;    5;    1; 4858; 3612;  372; 4602;  229; 5475;11877;   34;    0
   16;    4;   10;16695;   27;16759;    5;    1; 4852; 3592;  383; 4700;  233; 5520;11880;   69;    0
   16;    5;   10;16698;   27;16759;    5;    1; 4400; 3233;  362; 4355;  216; 5053;11880;   69;    0
   16;    6;   10;16701;   27;16759;    5;    1; 3565; 2611;  309; 3632;  190; 4137;11846;   69;    0
   16;    7;   10;16704;   27;16759;    5;    1; 2478; 1830;  210; 2588;  112; 2854;11959;   69;    4
   16;    8;   10;16707;   27;16759;    5;    1;    1;    1;    1;    1;    1;    1;    0;    0;    4
   16;    9;   10;16710;   27;16759;    5;    1;    1;    1;    1;    1;    1;    1;    0;    0;    4
   16;   10;   10;16713;   27;16759;    5;    1;    1;    1;    1;    1;    1;    1;    0;    0;    4
   17;    1;   11;16686;   30;16761;    6;    1;    1;    1;    1;    1;    1;    1;    0;    0;    0
   17;    2;   11;16689;   30;16761;    6;    1; 2488; 1824;  167; 2141;  106; 2696;11881;   34;    0
   17;    3;   11;16692;   30;16761;    6;    1; 3470; 2542;  284; 3064;  222; 3772;11594;   34;    0
   17;    4;   11;16695;   30;16761;    6;    1; 4142; 3061;  409; 3809;  306; 4513;11495;   34;    0
   17;    5;   11;16698;   30;16761;    6;    1; 4398; 3262;  457; 4126;  324; 4783;11518;   69;    0
   17;    6;   11;16701;   30;16761;    6;    1; 4105; 3054;  447; 3976;  328; 4499;11468;   34;    0
   17;    7;   11;16704;   30;16761;    6;    1; 3231; 2415;  387; 3244;  293; 3530;11370;   34;    0
   17;    8;   11;16707;   30;16761;    6;    1; 2095; 1588;  247; 2145;  137; 2272;11701;  104;    4
   17;    9;   11;16710;   30;16761;    6;    1;    1;    1;    1;    1;    1;    1;    0;    0;    4
   17;   10;   11;16713;   30;16761;    6;    1;    1;    1;    1;    1;    1;    1;    0;    0;    4
   17;   11;   11;16716;   30;16761;    6;    1;    1;    1;    1;    1;    1;    1;    0;    0;    4
   15;    1;   10;18036;   27;18109;    5;    1;    1;    1;    1;    1;    1;    1;    0;    0;    0
   15;    2;   10;18039;   27;18109;    5;    1; 1819; 1306;  147; 1609;  104; 1995;11692;   34;    0
   15;    3;   10;18042;   27;18109;    5;    1; 2518; 1808;  202; 2336;  141; 2799;11745;   34;    0
   15;    4;   10;18045;   27;18109;    5;    1; 3070; 2197;  221; 2948;  146; 3451;11880;   34;    0
   15;    5;   10;18048;   27;18109;    5;    1; 3223; 2307;  231; 3216;  146; 3629;11932;   34;    0
   15;    6;   10;18051;   27;18109;    5;    1; 2860; 2066;  223; 2966;  156; 3237;11842;   34;    0
   15;    7;   10;18054;   27;18109;    5;    1; 2162; 1575;  192; 2316;  123; 2402;11836;   34;    4
   15;    8;   10;18057;   27;18109;    5;    1;    1;    1;    1;    1;    1;    1;    0;    0;    4
   15;    9;   10;18060;   27;18109;    5;    1;    1;    1;    1;    1;    1;    1;    0;    0;    4
   15;   10;   10;18063;   27;18109;    5;    1;    1;    1;    1;    1;    1;    1;    0;    0;    4
   16;    1;   11;18036;   30;18111;    6;    1;    1;    1;    1;    1;    1;    1;    0;    0;    0
   16;    2;   11;18039;   30;18111;    6;    1; 2128; 1532;  194; 1870;  103; 2332;11811;  104;    0
   16;    3;   11;18042;   30;18111;    6;    1; 3261; 2342;  379; 2968;  281; 3509;11316;   69;    0
   16;    4;   11;18045;   30;18111;    6;    1; 4222; 3029;  532; 3996;  384; 4572;11298;   69;    0
   16;    5;   11;18048;   30;18111;    6;    1; 4746; 3407;  553; 4645;  376; 5191;11488;   69;    0
   16;    6;   11;18051;   30;18111;    6;    1; 4678; 3374;  529; 4745;  371; 5177;11522;   69;    0
   16;    7;   11;18054;   30;18111;    6;    1; 3966; 2872;  448; 4193;  350; 4412;11456;   34;    0
   16;    8;   11;18057;   30;18111;    6;    1; 2802; 2046;  276; 3065;  159; 3143;11851;   69;    4
   16;    9;   11;18060;   30;18111;    6;    1;    1;    1;    1;    1;    1;    1;    0;    0;    4
   16;   10;   11;18063;   30;18111;    6;    1;    1;    1;    1;    1;    1;    1;    0;    0;    4
   16;   11;   11;18066;   30;18111;    6;    1;    1;    1;    1;    1;    1;    1;    0;    0;    4
   16;    1;   11;19656;   30;19731;    5;    1;    1;    1;    1;    1;    1;    1;    0;    0;    4
   16;    2;   11;19659;   30;19731;    5;    1;    1;    1;    1;    1;    1;    1;    0;    0;    0
   16;    3;   11;19662;   30;19731;    5;    1; 3928; 2886;  250; 3502;  151; 4375;11961;   34;    0
   16;    4;   11;19665;   30;19731;    5;    1; 5180; 3774;  477; 4808;  380; 5846;11512;   34;    0
   16;    5;   11;19668;   30;19731;    5;    1; 5865; 4268;  576; 5594;  428; 6629;11543;   34;    0
   16;    6;   11;19671;   30;19731;    5;    1; 5991; 4336;  593; 5825;  428; 6785;11581;   34;    0
   16;    7;   11;19674;   30;19731;    5;    1; 5535; 3987;  561; 5495;  423; 6304;11537;   34;    0
   16;    8;   11;19677;   30;19731;    5;    1; 4302; 3109;  397; 4474;  268; 4957;11751;   34;    4
   16;    9;   11;19680;   30;19731;    5;    1;    1;    1;    1;    1;    1;    1;    0;    0;    4
   16;   10;   11;19683;   30;19731;    5;    1;    1;    1;    1;    1;    1;    1;    0;    0;    4
   16;   11;   11;19686;   30;19731;    5;    1;    1;    1;    1;    1;    1;    1;    0;    0;    4
   17;    1;   10;19659;   27;19732;    4;    1;    1;    1;    1;    1;    1;    1;    0;    0;    4
   17;    2;   10;19662;   27;19732;    4;    1;    1;    1;    1;    1;    1;    1;    0;    0;    0
   17;    3;   10;19665;   27;19732;    4;    1; 3540; 2638;  244; 3196;  150; 4014;11913;   34;    0
   17;    4;   10;19668;   27;19732;    4;    1; 4295; 3170;  292; 3971;  182; 4862;11927;   34;    0
   17;    5;   10;19671;   27;19732;    4;    1; 4501; 3320;  310; 4273;  182; 5118;11967;   34;    0
   17;    6;   10;19674;   27;19732;    4;    1; 4067; 2993;  297; 3973;  195; 4634;11886;   34;    0
   17;    7;   10;19677;   27;19732;    4;    1; 3078; 2275;  230; 3103;  124; 3469;12000;   69;    4
   17;    8;   10;19680;   27;19732;    4;    1;    1;    1;    1;    1;    1;    1;    0;    0;    4
   17;    9;   10;19683;   27;19732;    4;    1;    1;    1;    1;    1;    1;    1;    0;    0;    4
   17;   10;   10;19686;   27;19732;    4;    1;    1;    1;    1;    1;    1;    1;    0;    0;    4
   15;    1;    8;19665;   10;    0;    2; 1024;    1;    1;    1;    1;    1;    1;    0;    0;    4
   15;    2;    8;19668;   10;    0;    2; 1024;    1;    1;    1;    1;    1;    1;    0;    0;    0
   15;    3;    8;19671;   10;    0;    2; 1024; 1273;  940;  142; 1246;  104; 1460;11456;   34;    4
   15;    4;    8;19674;   10;    0;    2; 1024;    1;    1;    1;    1;    1;    1;    0;    0;    0
   15;    5;    8;19677;   10;    0;    2; 1024;  672;  518;  118;  689;  104;  727;10613;   34;    4
   15;    6;    8;19680;   10;    0;    2; 1024;    1;    1;    1;    1;    1;    1;    0;    0;    4
   15;    7;    8;19683;   10;    0;    2; 1024;    1;    1;    1;    1;    1;    1;    0;    0;    4
   15;    8;    8;19686;   10;    0;    2; 1024;    1;    1;    1;    1;    1;    1;    0;    0;    4
